chapter,paragraph_in_chapter,fix,before,after
Chapter One,12,period->comma,"‘I could go out.’ He thought. ‘Open the door, walk into the sto","‘I could go out,’ he thought. ‘Open the door, walk into the sto"
Chapter One,62,period->comma,ed more times than I can count.’ He thought. ‘In the war. In the earth. In the,"ed more times than I can count,’ he thought. ‘In the war. In the earth. In the"
Chapter One,69,period->comma,“Outside.” He said.,"“Outside,” he said."
Chapter One,75,period->comma,"“No.” She said, crossing the room. “You’re going ","“No,” she said, crossing the room. “You’re going "
Chapter One,77,period->comma,“Gormund and Muse can’t fight.” Cain said. “If this thing comes while we’re ,"“Gormund and Muse can’t fight,” Cain said. “If this thing comes while we’re "
Chapter One,81,period->comma,“After you.” She said.,"“After you,” she said."
Chapter Two,53,period->comma,accept any additional requests.” The girl said. Rehearsed. Automatic.,"accept any additional requests,” the girl said. Rehearsed. Automatic."
Chapter Two,54,period->comma,“I’m not here with a request.” Yoo said. “I need the Chaptermaster. Leo se,"“I’m not here with a request,” Yoo said. “I need the Chaptermaster. Leo se"
Chapter Two,56,period->comma,“Leo.” Yoo repeated. “The Guildmaster. Of the internat,"“Leo,” Yoo repeated. “The Guildmaster. Of the internat"
Chapter Two,60,period->comma,"“Fafnir.” He said, extending a hand. “Head Chapterma","“Fafnir,” he said, extending a hand. “Head Chapterma"
Chapter Two,63,period->comma,"“Come with me.” He said, and led her past the desk, throug","“Come with me,” he said, and led her past the desk, throug"
Chapter Two,65,period->comma,“Talk.” He said.,"“Talk,” he said."
Chapter Two,68,lowercase tag,“When?” He asked.,“When?” he asked.
Chapter Two,71,period->comma,"e castle within the first week.” He said. “Sealed the gates, pulled the Roy","e castle within the first week,” he said. “Sealed the gates, pulled the Roy"
Chapter Two,79,period->comma,“I have a proposal.” Yoo said. “A favor for a favor.”,"“I have a proposal,” Yoo said. “A favor for a favor.”"
Chapter Two,89,period->comma,"“I said what I said.” She replied, and walked out.","“I said what I said,” she replied, and walked out."
Chapter Three,23,lowercase tag,“Cain!” She shouted. The wind ate it. “CAIN!”,“Cain!” she shouted. The wind ate it. “CAIN!”
Chapter Three,83,period->comma,“I didn’t.” Cain said.,"“I didn’t,” Cain said."
Chapter Three,87,period->comma,"“I fucked up.” He said, and the simplicity of it was bett","“I fucked up,” he said, and the simplicity of it was bett"
Chapter Three,89,period->comma,"“It’s fine.” She said, quieter. “Warm up. I’m going to c","“It’s fine,” she said, quieter. “Warm up. I’m going to c"
Chapter Four,77,period->comma,“It’s fine.” Cain said. His voice was rough. Tired. “It’s,"“It’s fine,” Cain said. His voice was rough. Tired. “It’s"
Chapter Four,79,period->comma,"“It’s done.” He said again, quieter, and the repetition","“It’s done,” he said again, quieter, and the repetition"
Chapter Five,8,period->comma,‘Battle scar.’ She thought. ‘Honorable. First dragon fight. S,"‘Battle scar,’ she thought. ‘Honorable. First dragon fight. S"
Chapter Five,14,period->comma,“Accounting.” Carina said flatly. “Which isn’t exactly what ,"“Accounting,” Carina said flatly. “Which isn’t exactly what "
Chapter Five,21,period->comma,“Valdara.” Billy said. “City east of here. Lord there wa,"“Valdara,” Billy said. “City east of here. Lord there wa"
Chapter Five,23,period->comma,"“The Lord left.” Billy said, chewing. “My boys reported seein’","“The Lord left,” Billy said, chewing. “My boys reported seein’"
Chapter Five,26,period->comma,‘The strong take from the weak.’ She thought. ‘That’s how it works. That’s alwa,"‘The strong take from the weak,’ she thought. ‘That’s how it works. That’s alwa"
Chapter Five,29,lowercase tag," leave anything for the people?” She asked, keeping her voice light."," leave anything for the people?” she asked, keeping her voice light."
Chapter Five,31,period->comma,“Course we did.” He said. “We ain’t monsters. Left em just ,"“Course we did,” he said. “We ain’t monsters. Left em just "
Chapter Five,34,period->comma,significantly better than this.” Carina said.,"significantly better than this,” Carina said."
Chapter Five,39,period->comma,“Hasn’t even been two days.” Jane said. “And you’re already givin’ the gi,"“Hasn’t even been two days,” Jane said. “And you’re already givin’ the gi"
Chapter Five,40,period->comma,"“Now Jane, it ain’t like that.” Billy said, pulling out a chair and dropping ","“Now Jane, it ain’t like that,” Billy said, pulling out a chair and dropping "
Chapter Five,43,period->comma,"andsome and a classy gentleman.” He said, tipping his hat. “Now, if we’re d","andsome and a classy gentleman,” he said, tipping his hat. “Now, if we’re d"
Chapter Five,49,period->comma,"“It’s time.” Billy said. He leaned back in his chair, the ","“It’s time,” Billy said. He leaned back in his chair, the "
Chapter Five,54,period->comma,“Cain.” She called across the cave. “Morning. Storm’s,"“Cain,” she called across the cave. “Morning. Storm’s"
Chapter Five,74,period->comma,"“Hold on.” She said, and her voice cracked on the seco","“Hold on,” she said, and her voice cracked on the seco"
Chapter Five,78,period->comma,"“It’s fine.” Cain said. His voice was thin, reduced, the ","“It’s fine,” Cain said. His voice was thin, reduced, the "
Chapter Five,81,period->comma,"“Something’s wrong.” He said, and the admission was worse than ","“Something’s wrong,” he said, and the admission was worse than "
Chapter Five,85,period->comma,“Wait.” She said. “Just hold on. Stay awake. I’ll b,"“Wait,” she said. “Just hold on. Stay awake. I’ll b"
Chapter Five,93,period->comma,"here’s a wood cart in the back.” Gormund said slowly. “Small one, just for carry","here’s a wood cart in the back,” Gormund said slowly. “Small one, just for carry"
Chapter Five,103,period->comma,"“Cain’s in the cave.” Uthesia said between breaths, between shoves, t","“Cain’s in the cave,” Uthesia said between breaths, between shoves, t"
Chapter Six,3,period->comma,"e thing that’s been hunting us.” Uthesia said. She was sitting against the wall,","e thing that’s been hunting us,” Uthesia said. She was sitting against the wall,"
Chapter Six,15,period->comma,"at Cain and I thought was best.” Uthesia said, and the sentence was a door closi","at Cain and I thought was best,” Uthesia said, and the sentence was a door closi"
Chapter Six,17,period->comma,"“He’s barely breathing.” She said, quieter now. The anger still ther","“He’s barely breathing,” she said, quieter now. The anger still ther"
Chapter Six,20,period->comma,“We need to move.” He said. “He’s going to die if he doesn’t ,"“We need to move,” he said. “He’s going to die if he doesn’t "
Chapter Six,22,period->comma,"“Hospital...” He said, barely audible.","“Hospital..,” he said, barely audible."
Chapter Six,25,period->comma,“That’s too long.” Muse said.,"“That’s too long,” Muse said."
Chapter Six,27,period->comma,"“The bridge.” Gormund said. His head snapped up, the unfocuse","“The bridge,” Gormund said. His head snapped up, the unfocuse"
Chapter Six,29,period->comma,"“The ship.” He said. “The Gragorgan warship, frozen in","“The ship,” he said. “The Gragorgan warship, frozen in"
Chapter Six,30,period->comma,“It’s a frozen wreck.” Uthesia said.,"“It’s a frozen wreck,” Uthesia said."
Chapter Six,34,period->comma,“I can do it.” Muse said.,"“I can do it,” Muse said."
Chapter Six,36,period->comma,"“Tell me what the tools are.” She said. “Describe them, put them in my ha","“Tell me what the tools are,” she said. “Describe them, put them in my ha"
Chapter Six,38,period->comma,“Alright.” He said. “Let’s move.”,"“Alright,” he said. “Let’s move.”"
Chapter Six,45,period->comma,“Solid.” He called back. “Follow my path exactly.”,"“Solid,” he called back. “Follow my path exactly.”"
Chapter Six,50,period->comma,"“Keep moving.” He said, keeping his voice level. “Slowly.","“Keep moving,” he said, keeping his voice level. “Slowly."
Chapter Six,65,period->comma,“Ready.” She called up.,"“Ready,” she called up."
Chapter Six,69,period->comma,“Never again.” Gormund said.,"“Never again,” Gormund said."
Chapter Six,70,period->comma,“Agreed.” Uthesia managed.,"“Agreed,” Uthesia managed."
Chapter Six,73,period->comma,“Whoa...” She said.,"“Whoa..,” she said."
Chapter Six,75,lowercase tag,"“So these are ships now?” She said, her hand trailing along the wall,","“So these are ships now?” she said, her hand trailing along the wall,"
Chapter Six,76,period->comma,"ill you get to the medical bay.” Gormund said, a hint of pride.","ill you get to the medical bay,” Gormund said, a hint of pride."
Chapter Six,78,period->comma,“Don’t touch anything.” Gormund said. “I don’t know if the security sys,"“Don’t touch anything,” Gormund said. “I don’t know if the security sys"
Chapter Six,81,period->comma,“Keycard.” Gormund said. “Standard Gragorgan security. The,"“Keycard,” Gormund said. “Standard Gragorgan security. The"
Chapter Six,89,period->comma,"“Sorry.” Uthesia said, flexing her foot. “Didn't expect ","“Sorry,” Uthesia said, flexing her foot. “Didn't expect "
Chapter Six,90,period->comma,"“We need to find the keycard.” Gormund said, already moving down the corridor,","“We need to find the keycard,” Gormund said, already moving down the corridor,"
Chapter Six,105,period->comma,"“Gragorgan cargo ship.” Jane said, not looking at it. “Military tran","“Gragorgan cargo ship,” Jane said, not looking at it. “Military tran"
Chapter Six,109,period->comma,"Might be a fun challenge later.’ She thought, and kept walking.","Might be a fun challenge later,’ she thought, and kept walking."
Chapter Seven,6,period->comma,“Listen up.” Leo said. The room settled. When Leo used t,"“Listen up,” Leo said. The room settled. When Leo used t"
Chapter Seven,10,period->comma,"ole life earning that position.’ She thought. ‘Decades of research, centuries o","ole life earning that position,’ she thought. ‘Decades of research, centuries o"
Chapter Seven,11,period->comma,“Stonewalker.” Leo continued. “Infrastructure. Cities inside th,"“Stonewalker,” Leo continued. “Infrastructure. Cities inside th"
Chapter Seven,15,period->comma,"ld cities with your bare hands.” Leo said. “Which, given that it’s you, shou","ld cities with your bare hands,” Leo said. “Which, given that it’s you, shou"
Chapter Seven,17,period->comma,y ‘toys’ conquered a continent.” Stonewalker muttered. “But fine. I’ll make do. I always,"y ‘toys’ conquered a continent,” Stonewalker muttered. “But fine. I’ll make do. I always"
Chapter Seven,20,period->comma,“Restore order.” She repeated. “And protect the peace.”,"“Restore order,” she repeated. “And protect the peace.”"
Chapter Seven,27,period->comma,“You want me to rescue Lords.” He said.,"“You want me to rescue Lords,” he said."
Chapter Seven,30,period->comma,o you have to at least tell me.” Orsted said. “Got it.”,"o you have to at least tell me,” Orsted said. “Got it.”"
Chapter Seven,35,period->comma,"“Now.” Asriel said, and his voice had the edge of a m","“Now,” Asriel said, and his voice had the edge of a m"
Chapter Seven,38,period->comma," blocks magic from the outside.” She said, and her voice was steady because "," blocks magic from the outside,” she said, and her voice was steady because "
Chapter Seven,45,period->comma,“Correct.” Lumina said. “I can’t determine exact coordina,"“Correct,” Lumina said. “I can’t determine exact coordina"
Chapter Seven,49,period->comma,"“Oh come on.” Lumina said, and the smile in her voice was th","“Oh come on,” Lumina said, and the smile in her voice was th"
Chapter Seven,61,period->comma,“Worry not.” He said. “I still have the heroes’ bloodli,"“Worry not,” he said. “I still have the heroes’ bloodli"
Chapter Seven,65,period->comma,"“Fine.” He said. “If he causes trouble, he’s trapp","“Fine,” he said. “If he causes trouble, he’s trapp"
Chapter Seven,67,period->comma,“Wouldn’t dream of it.” He said.,"“Wouldn’t dream of it,” he said."
Chapter Seven,70,lowercase tag,“Everyone ready?” She asked.,“Everyone ready?” she asked.
Chapter Seven,71,period->comma,“No.” Asriel said.,"“No,” Asriel said."
Chapter Seven,76,period->comma,"rew had a painkiller addiction.” He said, checking a door handle. Locked. H","rew had a painkiller addiction,” he said, checking a door handle. Locked. H"
Chapter Seven,84,period->comma,"“Nothing here.” He said. “Cards would be in pockets, on la","“Nothing here,” he said. “Cards would be in pockets, on la"
Chapter Seven,87,period->comma,“We take stock.” Gormund said. “This ship is a resource. Those c,"“We take stock,” Gormund said. “This ship is a resource. Those c"
Chapter Seven,90,period->comma,“Adamantite.” Uthesia said. “On a ship frozen in a river insi,"“Adamantite,” Uthesia said. “On a ship frozen in a river insi"
Chapter Seven,95,period->comma,"“Medical personnel.” He said, and exhaled. “Restricted access a","“Medical personnel,” he said, and exhaled. “Restricted access a"
Chapter Seven,113,period->comma,"“Why...” He said, his voice shaking in a way that h","“Why..,” he said, his voice shaking in a way that h"
Chapter Eight,4,period->comma,"‘Angel.’ He thought, and the word carried a weight tha","‘Angel,’ he thought, and the word carried a weight tha"
Chapter Eight,6,period->comma,"“Uh.” He said. “Um. Ok. Ok, we gotta—”","“Uh,” he said. “Um. Ok. Ok, we gotta—”"
Chapter Eight,43,period->comma,‘One flame elemental.’ She thought. ‘The rest are birds. Small animal,"‘One flame elemental,’ she thought. ‘The rest are birds. Small animal"
Chapter Eight,56,period->comma,“Talk to me.” She said.,"“Talk to me,” she said."
Chapter Eight,63,period->comma,"“I need to go help Uthesia.” Gormund said. He was at the door, his hand on t","“I need to go help Uthesia,” Gormund said. He was at the door, his hand on t"
Chapter Eight,64,period->comma,“Go.” Muse said. She was already placing the vital,"“Go,” Muse said. She was already placing the vital"
Chapter Eight,66,period->comma,“I believe in you.” He said. “It won’t fire into the medical b,"“I believe in you,” he said. “It won’t fire into the medical b"
Chapter Eight,75,period->comma,‘Five wounds.’ She thought. ‘Five punctures through the torso,"‘Five wounds,’ she thought. ‘Five punctures through the torso"
Chapter Eight,80,period->comma,‘Now the wounds.’ She thought. ‘I need to close the internal dam,"‘Now the wounds,’ she thought. ‘I need to close the internal dam"
Chapter Eight,91,period->comma,‘One down.’ She thought. ‘Four to go. And I still need to ,"‘One down,’ she thought. ‘Four to go. And I still need to "
Chapter Nine,6,period->comma,"“Oh look at that.” Stonewalker said, squinting up at the peaks. “Back ","“Oh look at that,” Stonewalker said, squinting up at the peaks. “Back "
Chapter Nine,18,period->comma,“So.” Orsted said. “You’ll help rescue your fellow L,"“So,” Orsted said. “You’ll help rescue your fellow L"
Chapter Nine,29,period->comma,“Fine.” Orsted said. “You find Dantalion.”,"“Fine,” Orsted said. “You find Dantalion.”"
Chapter Nine,38,lowercase tag,"‘So why is it in Kordova?’ He thought, ducking behind a support column a","‘So why is it in Kordova?’ he thought, ducking behind a support column a"
Chapter Nine,46,lowercase tag, many summons do you have left?” He asked., many summons do you have left?” he asked.
Chapter Nine,64,period->comma,"‘Please.’ He thought, and the prayer was directed at no","‘Please,’ he thought, and the prayer was directed at no"
Chapter Nine,80,lowercase tag,“Are you ok?” He asked.,“Are you ok?” he asked.
Chapter Nine,82,period->comma,“Uh-huh.” Somebody said. Gormund thought it might have bee,"“Uh-huh,” somebody said. Gormund thought it might have bee"
Chapter Nine,88,period->comma,“Yeah.” Gormund said.,"“Yeah,” Gormund said."
Chapter Ten,19,period->comma,“Yes.” She said.,"“Yes,” she said."
Chapter Ten,21,lowercase tag,"“You’re a doctor?” He asked, after the pause. Not skeptical. G","“You’re a doctor?” he asked, after the pause. Not skeptical. G"
Chapter Ten,28,period->comma,I just didn’t want to lose him.” She said.,"I just didn’t want to lose him,” she said."
Chapter Ten,30,period->comma,"“Ninety percent.” The voice said, and the warmth in it had shifted,","“Ninety percent,” the voice said, and the warmth in it had shifted,"
Chapter Ten,33,lowercase tag,“Is there anything I can do?” She asked. “To repay you. Whatever you just ,“Is there anything I can do?” she asked. “To repay you. Whatever you just 
Chapter Ten,35,period->comma,“Please.” She said. “I can’t let this debt go unpaid.,"“Please,” she said. “I can’t let this debt go unpaid."
Chapter Ten,40,period->comma," happy, seeing people like you.” He said. The voice was quieter now, closer"," happy, seeing people like you,” he said. The voice was quieter now, closer"
Chapter Ten,46,period->comma,“Thank you.” He said.,"“Thank you,” he said."
Chapter Ten,52,lowercase tag,"“Orsted?!” She called out, the name arriving in her mout","“Orsted?!” she called out, the name arriving in her mout"
Chapter Eleven,3,period->comma,"meone needs to stitch me again.” Gormund said, pulling his shirt aside. Blood ha","meone needs to stitch me again,” Gormund said, pulling his shirt aside. Blood ha"
Chapter Eleven,6,period->comma,“He’ll live.” Muse said. Her fingers worked the old stitch,"“He’ll live,” Muse said. Her fingers worked the old stitch"
Chapter Eleven,10,period->comma,"“No.” She said, and the smile was small and priva","“No,” she said, and the smile was small and priva"
Chapter Eleven,15,period->comma,"“He should be up by now.” She said quietly, when she heard Uthesia st","“He should be up by now,” she said quietly, when she heard Uthesia st"
Chapter Eleven,20,period->comma,"“I’m getting food.” He announced. “Real food, from the galley. I re","“I’m getting food,” he announced. “Real food, from the galley. I re"
Chapter Eleven,35,period->comma,"“Eat.” He said, already turning back toward the d","“Eat,” he said, already turning back toward the d"
Chapter Eleven,50,period->comma,“You just made a decision.” Muse said.,"“You just made a decision,” Muse said."
Chapter Eleven,55,period->comma,“You’re right.” She said. “We should have talked it through,"“You’re right,” she said. “We should have talked it through"
Chapter Eleven,56,period->comma,“I got too heated before.” Muse said. “I know that. But it’s the princi,"“I got too heated before,” Muse said. “I know that. But it’s the princi"
Chapter Eleven,60,period->comma,"le deciding what’s best for me.” Muse said, quieter. “I spent my entire life ","le deciding what’s best for me,” Muse said, quieter. “I spent my entire life "
Chapter Eleven,61,period->comma,“Then I won’t do it again.” Uthesia said. Simple. No qualifier.,"“Then I won’t do it again,” Uthesia said. Simple. No qualifier."
Chapter Eleven,67,period->comma,"“Lights.” Uthesia said, staring up at the panels. She’d s","“Lights,” Uthesia said, staring up at the panels. She’d s"
Chapter Eleven,77,lowercase tag,“WHAT?” He shouted back.,“WHAT?” he shouted back.
Chapter Eleven,86,period->comma,"“Not exactly portable.” Uthesia murmured, running her hand along a steel pl","“Not exactly portable,” Uthesia murmured, running her hand along a steel pl"
Chapter Eleven,88,period->comma," find a merchant in Solarspire.” Uthesia said, turning an orichalcum ingot in he"," find a merchant in Solarspire,” Uthesia said, turning an orichalcum ingot in he"
Chapter Eleven,98,period->comma,“Nothing I recognize.” She said. “Not in any herbal resource I’ve ,"“Nothing I recognize,” she said. “Not in any herbal resource I’ve "
Chapter Eleven,100,lowercase tag,"“Local to Gragorgan, maybe?” She said. “Some kind of native species?”","“Local to Gragorgan, maybe?” she said. “Some kind of native species?”"
Chapter Eleven,105,period->comma,“Huh.” He said. “Green Alkanet.”,"“Huh,” he said. “Green Alkanet.”"
Chapter Eleven,110,period->comma,“Nothing.” Gormund said. “It’s a weed. It’s decorative at ,"“Nothing,” Gormund said. “It’s a weed. It’s decorative at "
Chapter Eleven,119,period->comma,"“Mage college.” Billy said, his hands in his coat pockets, su","“Mage college,” Billy said, his hands in his coat pockets, su"
Chapter Eleven,126,period->comma,“Hurry back.” She called after them. “I don’t feel like fig,"“Hurry back,” she called after them. “I don’t feel like fig"
Chapter Eleven,127,period->comma,“We’ll be quick.” Billy said.,"“We’ll be quick,” Billy said."
Chapter Eleven,131,period->comma,“Stupid mages.” She muttered.,"“Stupid mages,” she muttered."
Chapter Eleven,134,period->comma,"“It eats ki.” Carina said, shaking out her hand. “Whatever t","“It eats ki,” Carina said, shaking out her hand. “Whatever t"
Chapter Eleven,135,period->comma,“Mages.” Billy said sympathetically.,"“Mages,” Billy said sympathetically."
Chapter Eleven,144,period->comma,“Not again.” He said.,"“Not again,” he said."
Chapter Twelve,31,period->comma,“Barely.” The woman said from the throne.,"“Barely,” the woman said from the throne."
Chapter Twelve,34,period->comma,"“There, Talia.” Dantalion said, standing and brushing off his kne","“There, Talia,” Dantalion said, standing and brushing off his kne"
Chapter Twelve,36,period->comma,“Mother.” Talia said. “Are you alright?”,"“Mother,” Talia said. “Are you alright?”"
Chapter Twelve,38,period->comma,"“I’m sorry.” The woman managed. “For everything, for how I treate","“I’m sorry,” the woman managed. “For everything, for how I treate"
Chapter Twelve,42,period->comma,“There.” She said. “Now I’m happy.”,"“There,” she said. “Now I’m happy.”"
Chapter Twelve,44,period->comma, wanted to be the one to do it.” Talia said. “That was the whole point. You ki," wanted to be the one to do it,” Talia said. “That was the whole point. You ki"
Chapter Twelve,61,period->comma,“I will not recite my titles.” She said. Her voice carried the clarity of ,"“I will not recite my titles,” she said. Her voice carried the clarity of "
Chapter Twelve,76,period->comma,“Jiangshi.” She breathed.,"“Jiangshi,” she breathed."
Chapter Twelve,80,period->comma,“Release their souls.” She said. “Now.”,"“Release their souls,” she said. “Now.”"
Chapter Twelve,86,period->comma,"ever ally with a Jiangshi user.” She said, but the certainty that should hav","ever ally with a Jiangshi user,” she said, but the certainty that should hav"
Chapter Twelve,92,period->comma,ll not be defeated by machines.” Yoo said. “I welcome this ‘missile’ to try.,"ll not be defeated by machines,” Yoo said. “I welcome this ‘missile’ to try."
Chapter Twelve,94,period->comma,"“Oh, you’d survive.” He said. “I’m sure you would. All the sect","“Oh, you’d survive,” he said. “I’m sure you would. All the sect"
Chapter Twelve,103,period->comma,"“I am the head of Mount Hua.” Yoo said, and her voice was shaking, not wi","“I am the head of Mount Hua,” Yoo said, and her voice was shaking, not wi"
Chapter Twelve,105,period->comma,"“Noted.” He said pleasantly, pulling himself up. “M","“Noted,” he said pleasantly, pulling himself up. “M"
Chapter Twelve,110,period->comma,“I’m looking for the King.” Yoo said. “The people of Solarspire need th,"“I’m looking for the King,” Yoo said. “The people of Solarspire need th"
Chapter Twelve,115,period->comma,“Fine.” She said. “If that’s truly the only option.,"“Fine,” she said. “If that’s truly the only option."
Chapter Twelve,120,lowercase tag,“Is the King still alive?” He asked.,“Is the King still alive?” he asked.
Chapter Twelve,121,period->comma,"“Yes.” Elizabeth said. “Cooperative, as long as we maint","“Yes,” Elizabeth said. “Cooperative, as long as we maint"
Chapter Twelve,123,period->comma,“Go ahead and kill them both.” He said. “To redirect her I had to be some,"“Go ahead and kill them both,” he said. “To redirect her I had to be some"
Chapter Twelve,127,period->comma,“Well.” He said to no one. “That could have gone w,"“Well,” he said to no one. “That could have gone w"
Chapter Thirteen,13,period->comma,‘Oh.’ He thought. ‘I’m alive.’,"‘Oh,’ he thought. ‘I’m alive.’"
Chapter Thirteen,16,period->comma,"‘Thank you.’ He thought, and the thought was directed upwa","‘Thank you,’ he thought, and the thought was directed upwa"
Chapter Thirteen,33,period->comma,ed them for a moment. ‘Alright.’ He thought. ‘Maybe it’s not over. But this is,"ed them for a moment. ‘Alright,’ he thought. ‘Maybe it’s not over. But this is"
Chapter Thirteen,46,period->comma,I don’t understand any of that.” He admitted.,"I don’t understand any of that,” he admitted."
Chapter Thirteen,50,period->comma,I didn’t know if I could do it.” She whispered against his chest. “I kept thinkin,"I didn’t know if I could do it,” she whispered against his chest. “I kept thinkin"
Chapter Thirteen,52,period->comma,“It was enough.” He said. “I’m here.”,"“It was enough,” he said. “I’m here.”"
Chapter Thirteen,54,period->comma,"“I’m mad at you.” She said, the words undermined by the smile","“I’m mad at you,” she said, the words undermined by the smile"
Chapter Thirteen,59,period->comma,“Take your time.” Cain said.,"“Take your time,” Cain said."
Chapter Thirteen,63,period->comma,almost stabbed you in the face.” She added.,"almost stabbed you in the face,” she added."
Chapter Thirteen,71,period->comma,"“Horn.” He said, searching the buttons. “This thin","“Horn,” he said, searching the buttons. “This thin"
Chapter Thirteen,73,lowercase tag,"“WARN ME NEXT TIME!” She shouted, her hands over her ears.","“WARN ME NEXT TIME!” she shouted, her hands over her ears."
Chapter Thirteen,83,period->comma,"“It was like sixteen feet tall.” Gormund said. “Chaingun on one arm, sword on th","“It was like sixteen feet tall,” Gormund said. “Chaingun on one arm, sword on th"
Chapter Thirteen,86,period->comma,“We didn’t.” Gormund said. “Something else did.”,"“We didn’t,” Gormund said. “Something else did.”"
Chapter Thirteen,89,period->comma,“Dragon scales.” He said.,"“Dragon scales,” he said."
Chapter Thirteen,90,period->comma,long the left side of his face.” Gormund confirmed. “Yellow eyes. White hair. Ripped ,"long the left side of his face,” Gormund confirmed. “Yellow eyes. White hair. Ripped "
Chapter Thirteen,93,period->comma,“Nothing.” He said. “Good people out here.”,"“Nothing,” he said. “Good people out here.”"
Chapter Thirteen,95,period->comma,"“Rest.” Muse said, and the word was directed at ever","“Rest,” Muse said, and the word was directed at ever"
Chapter Thirteen,96,period->comma,“No arguments.” Gormund agreed.,"“No arguments,” Gormund agreed."
Chapter Thirteen,97,period->comma,“No arguments.” Uthesia said.,"“No arguments,” Uthesia said."
Chapter Thirteen,99,period->comma,“No arguments.” He said.,"“No arguments,” he said."
Chapter Thirteen,105,lowercase tag,“What about the museum?” She asked.,“What about the museum?” she asked.
Chapter Thirteen,110,period->comma,"was a boy from the Wudang sect.” She said. “Huge, twice my size, hands like ","was a boy from the Wudang sect,” she said. “Huge, twice my size, hands like "
Chapter Thirteen,117,period->comma,“Finally.” He said. “Hold on.”,"“Finally,” he said. “Hold on.”"
Chapter Thirteen,120,period->comma,"“Get on down.” Billy called, his voice carrying the same warmt","“Get on down,” Billy called, his voice carrying the same warmt"
Chapter Thirteen,128,period->comma,“Go on.” He said to the man. “Get out of here befor,"“Go on,” he said to the man. “Get out of here befor"
Chapter Thirteen,133,period->comma,“I’m sorry.” She said. “I just... the kids. I’ll take th,"“I’m sorry,” she said. “I just... the kids. I’ll take th"
Chapter Thirteen,135,period->comma,“It’s fine.” He said. “Everybody’s got limits. I get it,"“It’s fine,” he said. “Everybody’s got limits. I get it"
Chapter Thirteen,137,period->comma,"“I’ll make it up to you later.” She said. The flirtation was deliberate, ca","“I’ll make it up to you later,” she said. The flirtation was deliberate, ca"
Chapter Thirteen,142,period->comma,"“Afternoon, friend.” Billy called. “Quick question for you. You got ","“Afternoon, friend,” Billy called. “Quick question for you. You got "
Chapter Fourteen,4,period->comma,“No.” He said.,"“No,” he said."
Chapter Fourteen,17,lowercase tag,“Got it out of your system?” He managed between breaths. “You good now?”,“Got it out of your system?” he managed between breaths. “You good now?”
Chapter Fourteen,19,period->comma,“I’m going to build a rocket.” Stonewalker said to the sky. “A rocket specifically,"“I’m going to build a rocket,” Stonewalker said to the sky. “A rocket specifically"
Chapter Fourteen,29,period->comma,"“About time.” He said when he turned back, his voice thi","“About time,” he said when he turned back, his voice thi"
Chapter Fourteen,30,period->comma,"“We’re here.” Stonewalker said, “What do you need?”","“We’re here,” Stonewalker said, “What do you need?”"
Chapter Fourteen,37,lowercase tag,“Where’s the fighting?” She asked.,“Where’s the fighting?” she asked.
Chapter Fourteen,48,period->comma,"“That should do it.” She said, falling into step beside Stonewal","“That should do it,” she said, falling into step beside Stonewal"
Chapter Fourteen,55,period->comma,"“Ohhh.” He said, quiet, the sound barely a whisper","“Ohhh,” he said, quiet, the sound barely a whisper"
Chapter Fourteen,57,period->comma,"“Delicious.” He said, meaning it. “Tell me, have you he","“Delicious,” he said, meaning it. “Tell me, have you he"
Chapter Fourteen,59,period->comma,"“Acting King.” Barbatos repeated, taking another bite of the kebab.","“Acting King,” Barbatos repeated, taking another bite of the kebab."
Chapter Fourteen,61,period->comma,"“How tragic.” Barbatos said, and his face arranged itself into","“How tragic,” Barbatos said, and his face arranged itself into"
Chapter Fourteen,67,lowercase tag,"“Good afternoon!” He called, his voice carrying the warmth of ","“Good afternoon!” he called, his voice carrying the warmth of "
Chapter Fourteen,69,period->comma,"“Strip.” The bandit said, closing the distance. “Everything","“Strip,” the bandit said, closing the distance. “Everything"
Chapter Fourteen,74,period->comma,"“Oh, you poor thing.” He said, and the sympathy in his voice was","“Oh, you poor thing,” he said, and the sympathy in his voice was"
Chapter Fourteen,79,period->comma,"“Now.” He said, and his voice was pleasant, conve","“Now,” he said, and his voice was pleasant, conve"
Chapter Fourteen,81,period->comma,"“Nothing, my Lord.” Jane said. “We’d be happy to take you.”","“Nothing, my Lord,” Jane said. “We’d be happy to take you.”"
Chapter Fourteen,90,period->comma,"“My deepest thanks.” He said to Jane, inclining his head with a","“My deepest thanks,” he said to Jane, inclining his head with a"
Chapter Fourteen,93,period->comma,“Barbatos.” He said. “Lord of Poison. Eighth of the se,"“Barbatos,” he said. “Lord of Poison. Eighth of the se"
Chapter Fourteen,108,period->comma,"“Get out of the chair.” He said, and his voice was stripped, cold,","“Get out of the chair,” he said, and his voice was stripped, cold,"
Chapter Fourteen,110,lowercase tag,"“Barby!” He said, the enthusiasm perfectly calibrat","“Barby!” he said, the enthusiasm perfectly calibrat"
Chapter Fourteen,115,lowercase tag,Wondering why it’s not working?” He asked.,Wondering why it’s not working?” he asked.
Chapter Fourteen,122,period->comma,"“Well. Except you, of course.” Dantalion continued. “When was the last time you creat","“Well. Except you, of course,” Dantalion continued. “When was the last time you creat"
Chapter Fourteen,130,period->comma,"u’re remarkable at what you do.” Dantalion said, and the compliment was genuine in","u’re remarkable at what you do,” Dantalion said, and the compliment was genuine in"
Chapter Fourteen,133,period->comma,"“Yes, yes.” He said. “That’s the one advantage you hol","“Yes, yes,” he said. “That’s the one advantage you hol"
Chapter Fourteen,134,period->comma,"“But.” Barbatos said, the word flat.","“But,” Barbatos said, the word flat."
Chapter Fourteen,135,period->comma,“But.” Dantalion agreed. He set the teacup down with the c,"“But,” Dantalion agreed. He set the teacup down with the c"
Chapter Fourteen,138,period->comma,“I could kill you right now.” Barbatos said. “Take whatever you have and—”,"“I could kill you right now,” Barbatos said. “Take whatever you have and—”"
Chapter Fourteen,143,period->comma,"“Alright, Dantalion.” He said. “You win this round. Finish whate","“Alright, Dantalion,” he said. “You win this round. Finish whate"
Chapter Fourteen,145,period->comma,"“Oh, don’t worry.” Dantalion called after him, the teacup back in his ","“Oh, don’t worry,” Dantalion called after him, the teacup back in his "
Chapter Fifteen,8,period->comma,“Information asymmetry.” Elizabeth said.,"“Information asymmetry,” Elizabeth said."
Chapter Fifteen,13,period->comma,"rst obstacle we’ll be removing.” He said, watching her fix her hair with a ","rst obstacle we’ll be removing,” he said, watching her fix her hair with a "
Chapter Fifteen,18,period->comma,"“But I would have killed them.” Elizabeth said, without inflection.","“But I would have killed them,” Elizabeth said, without inflection."
Chapter Fifteen,19,period->comma,“You would have killed them.” He agreed. “Which rather defeated the purpos,"“You would have killed them,” he agreed. “Which rather defeated the purpos"
Chapter Fifteen,23,period->comma,“That was necessary.” She said. “You told the Murimite the King w,"“That was necessary,” she said. “You told the Murimite the King w"
Chapter Fifteen,29,period->comma, early years were... unfocused.” He said. “But all that matters is the pres," early years were... unfocused,” he said. “But all that matters is the pres"
Chapter Fifteen,30,period->comma,’re failing in the present too.” Elizabeth said. “The dome is active. The artifact,"’re failing in the present too,” Elizabeth said. “The dome is active. The artifact"
Chapter Fifteen,32,period->comma,"l deal with it when it happens.” She repeated, flat. “The Dantalion motto, appar","l deal with it when it happens,” she repeated, flat. “The Dantalion motto, appar"
Chapter Fifteen,42,period->comma,"“There she is.” Billy said, looking up at the Solarspire. “Bi","“There she is,” Billy said, looking up at the Solarspire. “Bi"
Chapter Fifteen,43,period->comma,“It’s impressive.” Carina admitted. “We don’t build tall in Murim. Mo,"“It’s impressive,” Carina admitted. “We don’t build tall in Murim. Mo"
Chapter Fifteen,48,period->comma,"“Alright, alright, very funny.” Billy announced, spreading his arms. “I ain’t dead","“Alright, alright, very funny,” Billy announced, spreading his arms. “I ain’t dead"
Chapter Fifteen,50,period->comma,“We’re not doing the job.” She said.,"“We’re not doing the job,” she said."
Chapter Fifteen,59,period->comma,“Fine.” Jane said. “But I’m not moving until you com,"“Fine,” Jane said. “But I’m not moving until you com"
Chapter Fifteen,69,period->comma,“Two Lords.” He said. “Two Ten Great Powers. Full guard,"“Two Lords,” he said. “Two Ten Great Powers. Full guard"
Chapter Fifteen,70,period->comma,“Bad timing.” Carina said.,"“Bad timing,” Carina said."
Chapter Fifteen,73,period->comma,"“We can’t do it.” Billy admitted, dropping into a chair by the fire","“We can’t do it,” Billy admitted, dropping into a chair by the fire"
Chapter Fifteen,74,period->comma,“So we move on.” Jane said. “Find another score. There’s plen,"“So we move on,” Jane said. “Find another score. There’s plen"
Chapter Fifteen,78,period->comma,“I can do it.” She said. “Even if you two are going to sit,"“I can do it,” she said. “Even if you two are going to sit"
Chapter Fifteen,93,period->comma,“We need to dock.” Gormund said. “The river’s narrowing and the ic,"“We need to dock,” Gormund said. “The river’s narrowing and the ic"
Chapter Fifteen,101,period->comma,“So we run.” Cain said.,"“So we run,” Cain said."
Chapter Fifteen,106,period->comma,"“Alright.” He said, when everything was ready. “Gear ","“Alright,” he said, when everything was ready. “Gear "
Chapter Fifteen,112,period->comma,"“Stay behind me.” Cain said, and took point. Muse’s hand found","“Stay behind me,” Cain said, and took point. Muse’s hand found"
Chapter Fifteen,121,period->comma,“The town should be here.” He said. He pulled the map from inside his,"“The town should be here,” he said. He pulled the map from inside his"
Chapter Fifteen,122,period->comma,“I don’t see anything.” Uthesia said.,"“I don’t see anything,” Uthesia said."
Chapter Fifteen,125,period->comma,“So no shelter.” Cain said.,"“So no shelter,” Cain said."
Chapter Fifteen,131,period->comma,“We need to move.” He said. “Now.”,"“We need to move,” he said. “Now.”"
Chapter Fifteen,139,period->comma,"“I can walk.” She said, and the words came out slurred, t","“I can walk,” she said, and the words came out slurred, t"
Chapter Fifteen,140,period->comma,“No moments.” Cain said. “No stopping.”,"“No moments,” Cain said. “No stopping.”"
Chapter Fifteen,149,period->comma,"“Cain.” He said, and his voice was a whisper. The ","“Cain,” he said, and his voice was a whisper. The "
Chapter Fifteen,153,period->comma,"‘He’s carrying all of us.’ Gormund thought, and the thought was distant, floa","‘He’s carrying all of us,’ Gormund thought, and the thought was distant, floa"
Chapter Fifteen,161,period->comma,"“We made it.” He said to nobody, his voice barely a soun","“We made it,” he said to nobody, his voice barely a soun"
Chapter Sixteen,11,period->comma,“Guild.” He called to his companion. “Gold rank. We’l,"“Guild,” he called to his companion. “Gold rank. We’l"
Chapter Sixteen,18,period->comma,"“I’ll carry this one.” Ghislaine said, scooping the woman up with a gent","“I’ll carry this one,” Ghislaine said, scooping the woman up with a gent"
Chapter Sixteen,28,period->comma,“Easy.” He said. “No need to get up. You four were,"“Easy,” he said. “No need to get up. You four were"
Chapter Sixteen,34,period->comma,"“We had a ship.” Gormund said. “Gragorgan military transport, fr","“We had a ship,” Gormund said. “Gragorgan military transport, fr"
Chapter Sixteen,43,period->comma,"“Now.” He said, and the tone shifted. The pleasan","“Now,” he said, and the tone shifted. The pleasan"
Chapter Sixteen,47,period->comma,“No.” Cain said.,"“No,” Cain said."
Chapter Sixteen,48,period->comma,“No.” Muse agreed.,"“No,” Muse agreed."
Chapter Sixteen,50,period->comma,ach other. “We haven’t decided.” Muse said.,"ach other. “We haven’t decided,” Muse said."
Chapter Sixteen,52,period->comma,"“A forged guild tag.” He said. “That’s a serious crime, son.”","“A forged guild tag,” he said. “That’s a serious crime, son.”"
Chapter Sixteen,54,period->comma,“I know.” He said. “I made it to get out of Zyphoria,"“I know,” he said. “I made it to get out of Zyphoria"
Chapter Sixteen,56,period->comma,"e me picky about who’s helping.” He said, and pocketed the tag. “Consider t","e me picky about who’s helping,” he said, and pocketed the tag. “Consider t"
Chapter Sixteen,67,period->comma,"ome to our esteemed gold ranks.” Fafnir said, producing three fresh tags and a ","ome to our esteemed gold ranks,” Fafnir said, producing three fresh tags and a "
Chapter Sixteen,69,period->comma,"“One more thing.” He said. “A colleague of mine, the one wit","“One more thing,” he said. “A colleague of mine, the one wit"
Chapter Sixteen,71,period->comma,“He saved our lives.” Gormund said. “On the ship. There was a militar,"“He saved our lives,” Gormund said. “On the ship. There was a militar"
Chapter Sixteen,73,period->comma,“He told us to head south.” Uthesia added. “Said the roads were safe. Then h,"“He told us to head south,” Uthesia added. “Said the roads were safe. Then h"
Chapter Sixteen,74,period->comma,"“That’s Orsted.” Fafnir said, with the tone of a man who’d hear","“That’s Orsted,” Fafnir said, with the tone of a man who’d hear"
Chapter Sixteen,76,period->comma,trip on the ship was difficult.” She said. “I was performing surgery when th,"trip on the ship was difficult,” she said. “I was performing surgery when th"
Chapter Sixteen,78,period->comma,"“Fair enough.” He said, and left.","“Fair enough,” he said, and left."
Chapter Sixteen,80,period->comma,"“Orsted.” Gormund said, staring at the ceiling. “The Drag","“Orsted,” Gormund said, staring at the ceiling. “The Drag"
Chapter Sixteen,81,period->comma,“That tracks with the stories.” Uthesia said.,"“That tracks with the stories,” Uthesia said."
Chapter Sixteen,92,period->comma,“We made it.” Muse said.,"“We made it,” Muse said."
Chapter Sixteen,94,period->comma,s like the right person to ask.” Gormund said. “He’s Council level. If anyone kn,"s like the right person to ask,” Gormund said. “He’s Council level. If anyone kn"
Chapter Sixteen,118,period->comma,"“No, sir.” He said. “I believe I’ve seen your greatne","“No, sir,” he said. “I believe I’ve seen your greatne"
Chapter Sixteen,120,period->comma,"“My apologies, then.” He said. “I must be mistaken. You have one","“My apologies, then,” he said. “I must be mistaken. You have one"
Chapter Sixteen,126,period->comma,“Nothing.” He said.,"“Nothing,” he said."
Chapter Seventeen,37,period->comma,"“Good swing.” She said to his face, which was visible thr","“Good swing,” she said to his face, which was visible thr"
Chapter Seventeen,50,period->comma,“I’m sorry.” She said.,"“I’m sorry,” she said."
Chapter Seventeen,74,period->comma,"‘Illusion.’ She thought. ‘Illusion magic. A mage, she must","‘Illusion,’ she thought. ‘Illusion magic. A mage, she must"
Chapter Seventeen,81,period->comma,ause you’re too good a fighter.” The wolffolk woman said.,"ause you’re too good a fighter,” the wolffolk woman said."
Chapter Seventeen,87,period->comma,"“This is what it feels like.” The wolffolk said, and her voice was gentler now, th","“This is what it feels like,” the wolffolk said, and her voice was gentler now, th"
Chapter Nineteen,10,period->comma,"“Prophet.” Muse said. Then: “Actually, write healer. Th","“Prophet,” Muse said. Then: “Actually, write healer. Th"
Chapter Nineteen,23,lowercase tag,“Part of your pack?” She asked.,“Part of your pack?” she asked.
Chapter Nineteen,25,period->comma,“She used to be.” Uthesia said. “But she left.”,"“She used to be,” Uthesia said. “But she left.”"
Chapter Nineteen,27,period->comma,"“Well, she’s back now.” She said, and walked out.","“Well, she’s back now,” she said, and walked out."
Chapter Nineteen,43,period->comma,“Hey.” He said. “She’s here now. We’ll know soon ,"“Hey,” he said. “She’s here now. We’ll know soon "
Chapter Nineteen,57,period->comma,"sn’t been the same without you.” He said, and his voice carried the gruff w","sn’t been the same without you,” he said, and his voice carried the gruff w"
Chapter Nineteen,59,period->comma,"“You’re alive.” Carina said. Her voice was rough, unused, the ","“You’re alive,” Carina said. Her voice was rough, unused, the "
Chapter Nineteen,63,period->comma,“Wait.” She said. “The potions.”,"“Wait,” she said. “The potions.”"
Chapter Nineteen,66,period->comma,"“Here, Gormund.” She said. “I went to get these for you.”","“Here, Gormund,” she said. “I went to get these for you.”"
Chapter Nineteen,73,period->comma,"“Hey, Cain.” He said, tossing the second vial across th","“Hey, Cain,” he said, tossing the second vial across th"
Chapter Nineteen,78,period->comma,“Thank you.” He said. “You saved us.”,"“Thank you,” he said. “You saved us.”"
Chapter Nineteen,82,period->comma,"“I’m sorry.” She managed. The words came out wet, distorted","“I’m sorry,” she managed. The words came out wet, distorted"
Chapter Nineteen,90,period->comma,“Welcome back.” She said.,"“Welcome back,” she said."
Chapter Twenty,4,period->comma,"ront desk handles registration.” He said, pressing the stamp into ink. “But","ront desk handles registration,” he said, pressing the stamp into ink. “But"
Chapter Twenty,8,period->comma,“Deceased.” Uthesia said. “All of them. I’m the last surviv,"“Deceased,” Uthesia said. “All of them. I’m the last surviv"
Chapter Twenty,10,period->comma,“I’m sorry to hear it.” He said. “I’ll add their names to the proc,"“I’m sorry to hear it,” he said. “I’ll add their names to the proc"
Chapter Twenty,13,period->comma,d prefer something sun-related.” Cain said quietly.,"d prefer something sun-related,” Cain said quietly."
Chapter Twenty,15,period->comma,“Sunforged.” She said. “How about Sunforged?”,"“Sunforged,” she said. “How about Sunforged?”"
Chapter Twenty,20,period->comma,"n Great Powers inside the dome.” He said. “Due to the limitations of entry,","n Great Powers inside the dome,” he said. “Due to the limitations of entry,"
Chapter Twenty,25,hoard->horde,ards. And Ostervik reported a hoard heading their way.”,ards. And Ostervik reported a horde heading their way.”
Chapter Twenty,29,period->comma,“Undead.” Cain said. The word came out with the flat c,"“Undead,” Cain said. The word came out with the flat c"
Chapter Twenty,29,hoard->horde,"ic I have, handling an undead hoard is well within my abilities.”","ic I have, handling an undead horde is well within my abilities.”"
Chapter Twenty,30,period->comma,"“Muse here is a divine caster.” He continued, glancing at her. “The problem is ","“Muse here is a divine caster,” he continued, glancing at her. “The problem is "
Chapter Twenty,31,period->comma,"“Glimmerhold.” Fafnir said, the connection forming before Cai","“Glimmerhold,” Fafnir said, the connection forming before Cai"
Chapter Twenty,32,hoard->horde,"ap. “If you can deal with the hoard heading toward Ostervik, then push","ap. “If you can deal with the horde heading toward Ostervik, then push"
Chapter Twenty,36,period->comma,"“I can restock on summons.” Uthesia said. “If we’re fighting undead, let’s ","“I can restock on summons,” Uthesia said. “If we’re fighting undead, let’s "
Chapter Twenty,44,period->comma,"hh, and you were doing so well.” Gormund sighed. “Welcome back, Carina.”","hh, and you were doing so well,” Gormund sighed. “Welcome back, Carina.”"
Chapter Twenty,46,period->comma,"“Well.” She said, quieter. “I might consider it. Wh","“Well,” she said, quieter. “I might consider it. Wh"
Chapter Twenty,49,period->comma,"“Model’s called Bloody Thunder.” Fafnir said. “Explosive rounds, five in the ch","“Model’s called Bloody Thunder,” Fafnir said. “Explosive rounds, five in the ch"
Chapter Twenty,51,lowercase tag,"“Twenty, huh?” He said. “Well, the universe was being too","“Twenty, huh?” he said. “Well, the universe was being too"
Chapter Twenty,58,period->comma,"“Oh, absolutely.” Fafnir said. “Sorry, should have brought that ","“Oh, absolutely,” Fafnir said. “Sorry, should have brought that "
Chapter Twenty,63,lowercase tag,"“Yeah, I hear you!” She said, her voice carrying the particular","“Yeah, I hear you!” she said, her voice carrying the particular"
Chapter Twenty,64,period->comma,"Everything I already asked for.” Fafnir said pleasantly. “But also, one of our ","Everything I already asked for,” Fafnir said pleasantly. “But also, one of our "
Chapter Twenty,65,period->comma,"We all need a hand around here.” Gudrun said, wiping soot from her knuckles. “N","We all need a hand around here,” Gudrun said, wiping soot from her knuckles. “N"
Chapter Twenty,74,period->comma,"ous she didn’t come here first.” Gormund said, his eyes already scanning the rac","ous she didn’t come here first,” Gormund said, his eyes already scanning the rac"
Chapter Twenty,75,period->comma,"“Some of this is enchanted.” Fafnir said, leaning against the doorframe. “T","“Some of this is enchanted,” Fafnir said, leaning against the doorframe. “T"
Chapter Twenty,78,period->comma,"“Flame enchantment.” Fafnir said from the door. “Low grade, but it’","“Flame enchantment,” Fafnir said from the door. “Low grade, but it’"
Chapter Twenty,83,period->comma,"nty shots in the gun, you know.” He said, hefting the hammer with his good ","nty shots in the gun, you know,” he said, hefting the hammer with his good "
Chapter Twenty,87,period->comma,“You were getting measured.” Gormund said.,"“You were getting measured,” Gormund said."
Chapter Twenty,97,period->comma,“Real Murim import.” Fafnir said. “The Guild maintains relationship,"“Real Murim import,” Fafnir said. “The Guild maintains relationship"
Chapter Twenty,110,lowercase tag,"“What?” She asked, “It’s a nice sword.”","“What?” she asked, “It’s a nice sword.”"
Chapter Twenty,112,period->comma,“Hold on a moment.” He said. The rest of the party paused at t,"“Hold on a moment,” he said. The rest of the party paused at t"
Chapter Twenty,118,period->comma,“Carina.” Muse said gently. “Your mother is here. If y,"“Carina,” Muse said gently. “Your mother is here. If y"
Chapter Twenty,120,period->comma,“The job can wait a day.” Gormund said. “Ostervik’s been holding this lon,"“The job can wait a day,” Gormund said. “Ostervik’s been holding this lon"
Chapter Twenty,123,period->comma,ack and find out you were here.” Uthesia said from the doorway.,"ack and find out you were here,” Uthesia said from the doorway."
Chapter Twenty-One,3,period->comma,“It is.” Fafnir said. “Every Chaptermaster in the Guild,"“It is,” Fafnir said. “Every Chaptermaster in the Guild"
Chapter Twenty-One,8,period->comma,"“Now, I’ve been thinking.” He said, pivoting with the seamless grace ","“Now, I’ve been thinking,” he said, pivoting with the seamless grace "
Chapter Twenty-One,19,period->comma,“Small boss.” She said.,"“Small boss,” she said."
Chapter Twenty-One,58,period->comma,"“Hey, Uthesia.” She said, falling into step beside the elad","“Hey, Uthesia,” she said, falling into step beside the elad"
Chapter Twenty-One,59,period->comma,“No.” Uthesia said. “I learned it in Murim.”,"“No,” Uthesia said. “I learned it in Murim.”"
Chapter Twenty-One,64,period->comma,“You left though.” Carina said. “You got out. You don’t follow th,"“You left though,” Carina said. “You got out. You don’t follow th"
Chapter Twenty-One,69,period->comma,“Yeah.” She said quietly. “I get that.”,"“Yeah,” she said quietly. “I get that.”"
Chapter Twenty-One,79,period->comma,"“Supplies are at the entrance.” She said. “Four wagons. Grain, preserved me","“Supplies are at the entrance,” she said. “Four wagons. Grain, preserved me"
Chapter Twenty-One,80,period->comma,“She’s safe.” Fafnir said. “Registered with the Guild as of ,"“She’s safe,” Fafnir said. “Registered with the Guild as of "
Chapter Twenty-One,90,period->comma,"“I told her you were here.” He continued, steady, the voice of a man delive","“I told her you were here,” he continued, steady, the voice of a man delive"
Chapter Twenty-One,94,period->comma,"“Not ready.” She repeated. “My nineteen-year-old daughter, a","“Not ready,” she repeated. “My nineteen-year-old daughter, a"
Chapter Twenty-One,99,period->comma,can find her without your help.” Yoo said.,"can find her without your help,” Yoo said."
Chapter Twenty-One,102,lowercase tag,“Is she ok?” She asked. Quieter now. The sect leader rece,“Is she ok?” she asked. Quieter now. The sect leader rece
Chapter Twenty-One,105,period->comma,"“Fine.” She said. She straightened from the desk, p","“Fine,” she said. She straightened from the desk, p"
Chapter Twenty-One,107,period->comma,"“Good luck, Carina.” He said, and picked up his pen.","“Good luck, Carina,” he said, and picked up his pen."
Chapter Twenty-Two,6,period->comma,h the Sunken Grave’s territory.” Gormund said flatly.,"h the Sunken Grave’s territory,” Gormund said flatly."
Chapter Twenty-Two,7,hoard->horde,"ill them on the way, thin the hoard before it even reaches the city.”","ill them on the way, thin the horde before it even reaches the city.”"
Chapter Twenty-Two,9,hoard->horde,s on its own. Fafnir said the hoard was already heading their directio,s on its own. Fafnir said the horde was already heading their directio
Chapter Twenty-Two,10,period->comma,d capable than early and spent.” Uthesia said. “Gormund’s right. If the dungeon’,"d capable than early and spent,” Uthesia said. “Gormund’s right. If the dungeon’"
Chapter Twenty-Two,13,period->comma,“We go through.” He said. “This party handles undead better,"“We go through,” he said. “This party handles undead better"
Chapter Twenty-Two,20,period->comma,"“We climb.” Cain said, looking at the nearest flatiron. ","“We climb,” Cain said, looking at the nearest flatiron. "
Chapter Twenty-Two,31,period->comma,"“Gallows Horn.” Uthesia said, her voice flat with recognition. ","“Gallows Horn,” Uthesia said, her voice flat with recognition. "
Chapter Twenty-Two,41,hoard->horde,"res it, and we turn it on the hoard while we deal with the Death Knigh","res it, and we turn it on the horde while we deal with the Death Knigh"
Chapter Twenty-Two,54,period->comma,"“Fine.” Gormund muttered, pulling Bloody Thunder from the h","“Fine,” Gormund muttered, pulling Bloody Thunder from the h"
Chapter Twenty-Two,63,period->comma,“Magical protection.” Gormund said. “That confirms at least one mage ,"“Magical protection,” Gormund said. “That confirms at least one mage "
Chapter Twenty-Two,73,period->comma,"“Wrong choice.” Cain said, and he was close enough now that ","“Wrong choice,” Cain said, and he was close enough now that "
Chapter Twenty-Two,82,period->comma,"ects inside your blood vessels.” She said through gritted teeth, her breathi","ects inside your blood vessels,” she said through gritted teeth, her breathi"
Chapter Twenty-Two,98,period->comma,“I was going to help.” He said.,"“I was going to help,” he said."
Chapter Twenty-Two,99,period->comma,"“You did help.” Carina said, cleaning the jian on a dead knigh","“You did help,” Carina said, cleaning the jian on a dead knigh"
Chapter Twenty-Two,103,hoard->horde,The hoard stretched out before them. Hundred,The horde stretched out before them. Hundred
Chapter Twenty-Two,104,lowercase tag,“Where are they?” She called down.,“Where are they?” she called down.
Chapter Twenty-Two,105,period->comma,“Everywhere east of us.” Uthesia called back. “Just throw fire in that dir,"“Everywhere east of us,” Uthesia called back. “Just throw fire in that dir"
Chapter Twenty-Two,106,hoard->horde,"The fire bolts arced into the hoard, each one finding a target by virt","The fire bolts arced into the horde, each one finding a target by virt"
Chapter Twenty-Two,107,hoard->horde,Gormund looked at the hoard. Looked at the Gallows Horn standi,Gormund looked at the horde. Looked at the Gallows Horn standi
Chapter Twenty-Two,109,period->comma,"“I hate all of you.” He said, hefting the hammer, and walked to","“I hate all of you,” he said, hefting the hammer, and walked to"
Chapter Twenty-Two,109,hoard->horde,"hammer, and walked toward the hoard.","hammer, and walked toward the horde."
Chapter Twenty-Two,110,hoard->horde,"gainst its former allies. The hoard, leaderless, directionless, the mi","gainst its former allies. The horde, leaderless, directionless, the mi"
Chapter Twenty-Three,3,period->comma,“I need to talk about the jump.” Gormund said. “Because I feel like we’re all ju,"“I need to talk about the jump,” Gormund said. “Because I feel like we’re all ju"
Chapter Twenty-Three,14,period->comma,"“You hit plenty.” Uthesia said, walking beside her. “I counted at","“You hit plenty,” Uthesia said, walking beside her. “I counted at"
Chapter Twenty-Three,27,hoard->horde," refugees, not by a scattered hoard of mindless undead stumbling in lo"," refugees, not by a scattered horde of mindless undead stumbling in lo"
Chapter Twenty-Three,35,period->comma,“They’re not attacking.” Cain observed.,"“They’re not attacking,” Cain observed."
Chapter Twenty-Three,36,period->comma,“They don’t need to.” Uthesia said. “Undead siege warfare. No supply ,"“They don’t need to,” Uthesia said. “Undead siege warfare. No supply "
Chapter Twenty-Three,37,period->comma,“But that implies command.” Gormund said. “Strategy. Undead don’t do strate,"“But that implies command,” Gormund said. “Strategy. Undead don’t do strate"
Chapter Twenty-Three,40,period->comma,"“Speculating won’t help.” He said. “We get inside, find out what the","“Speculating won’t help,” he said. “We get inside, find out what the"
Chapter Twenty-Three,45,lowercase tag,“Names!” A voice called down. “Purpose and affiliation!”,“Names!” a voice called down. “Purpose and affiliation!”
Chapter Twenty-Three,53,lowercase tag,"“How many more are coming?” A soldier asked, falling into step beside Cain as ","“How many more are coming?” a soldier asked, falling into step beside Cain as "
Chapter Twenty-Three,54,period->comma,“Just us.” Cain said. “We weren’t given details on addi,"“Just us,” Cain said. “We weren’t given details on addi"
Chapter Twenty-Three,58,period->comma,dinating aid across the region.” Muse said gently. “We can’t promise specific,"dinating aid across the region,” Muse said gently. “We can’t promise specific"
Chapter Twenty-Three,65,period->comma,“Five.” Count Dravemont said. He looked at them grateful and sk,"“Five,” Count Dravemont said. He looked at them grateful and sk"
Chapter Twenty-Three,66,period->comma,s to deal with a dungeon break.” Cain said. “We were told a hoard was heading,"s to deal with a dungeon break,” Cain said. “We were told a hoard was heading"
Chapter Twenty-Three,66,hoard->horde,.” Cain said. “We were told a hoard was heading in your direction. Ske,.” Cain said. “We were told a horde was heading in your direction. Ske
Chapter Twenty-Three,67,period->comma,"“A dungeon break.” Tristan repeated, the frown deepening.","“A dungeon break,” Tristan repeated, the frown deepening."
Chapter Twenty-Three,70,period->comma,“We weren’t briefed on runners.” Uthesia said. “Whatever messages they carried d,"“We weren’t briefed on runners,” Uthesia said. “Whatever messages they carried d"
Chapter Twenty-Three,71,period->comma,undead likely intercepted them.” Kaelen said. “The cavalry wings patrol the per,"undead likely intercepted them,” Kaelen said. “The cavalry wings patrol the per"
Chapter Twenty-Three,72,period->comma,what’s actually happening here.” Count Dravemont said. The statement was made to the roo,"what’s actually happening here,” Count Dravemont said. The statement was made to the roo"
Chapter Twenty-Three,73,period->comma,"d one of us back to Solarspire.” Gormund offered. “Explain the real situation, requ","d one of us back to Solarspire,” Gormund offered. “Explain the real situation, requ"
Chapter Twenty-Three,74,period->comma,at’s an option we’ll keep open.” Cain said. “But we’re here now. Tell us ever,"at’s an option we’ll keep open,” Cain said. “But we’re here now. Tell us ever"
Chapter Twenty-Three,78,period->comma,"problem is the attrition model.” Cedric said, his ink-stained fingers tapping t","problem is the attrition model,” Cedric said, his ink-stained fingers tapping t"
Chapter Twenty-Three,79,period->comma,“So you’re stuck.” Carina said.,"“So you’re stuck,” Carina said."
Chapter Twenty-Three,80,period->comma,“We’re stuck.” Count Dravemont confirmed. He looked at the five of them. “F,"“We’re stuck,” Count Dravemont confirmed. He looked at the five of them. “F"
Chapter Twenty-Three,83,period->comma,“Give us the night.” He said. “We’ll have something by morning.,"“Give us the night,” he said. “We’ll have something by morning."
Chapter Twenty-Three,88,period->comma,"“Something new.” Dantalion said, sitting up slightly. The image ha","“Something new,” Dantalion said, sitting up slightly. The image ha"
Chapter Twenty-Three,95,period->comma,sn’t look particularly removed.” Elizabeth observed.,"sn’t look particularly removed,” Elizabeth observed."
Chapter Twenty-Three,99,period->comma,"Guild presence inside Ostervik.” He said, thinking aloud. “If we increase p","Guild presence inside Ostervik,” he said, thinking aloud. “If we increase p"
Chapter Twenty-Four,3,period->comma,"“Hold on.” Gormund said, leaning against the doorframe of ","“Hold on,” Gormund said, leaning against the doorframe of "
Chapter Twenty-Four,4,period->comma,"e those runners didn’t make it.” Cain said. He stood in the hall, arms crosse","e those runners didn’t make it,” Cain said. He stood in the hall, arms crosse"
Chapter Twenty-Four,6,period->comma,into the city they’re starving.” He continued. “That’s not a gap in their securi,"into the city they’re starving,” he continued. “That’s not a gap in their securi"
Chapter Twenty-Four,10,period->comma,"t’s runners would have made it.” Uthesia said. “Those were soldiers, trained for","t’s runners would have made it,” Uthesia said. “Those were soldiers, trained for"
Chapter Twenty-Four,15,period->comma,“I don’t love it.” He said. “But waiting for help that might ,"“I don’t love it,” he said. “But waiting for help that might "
Chapter Twenty-Four,17,period->comma,“So we’re agreed.” She said. “Uthesia and Carina run for Solar,"“So we’re agreed,” she said. “Uthesia and Carina run for Solar"
Chapter Twenty-Four,18,period->comma,s been holding for three weeks.” Gormund said. “Four more days shouldn’t change ,"s been holding for three weeks,” Gormund said. “Four more days shouldn’t change "
Chapter Twenty-Four,19,period->comma," fortifications in the morning.” Cain said. “Walls, gates, structural weaknes"," fortifications in the morning,” Cain said. “Walls, gates, structural weaknes"
Chapter Twenty-Four,23,period->comma,“Rest.” Cain said. “We’ve been moving all day and fo,"“Rest,” Cain said. “We’ve been moving all day and fo"
Chapter Twenty-Four,40,period->comma,"‘I’ll find him.’ She thought. The thought was old, worn smooth ","‘I’ll find him,’ she thought. The thought was old, worn smooth "
Chapter Twenty-Four,53,period->comma,"“Hey, Naika.” She said, “It’s me.”","“Hey, Naika,” she said, “It’s me.”"
Chapter Twenty-Four,61,period->comma,"“Of course.” She said, and the disappointment was so fam","“Of course,” she said, and the disappointment was so fam"
Chapter Twenty-Four,64,lowercase tag,“Who’s there?” She said. “Hello?”,“Who’s there?” she said. “Hello?”
Chapter Twenty-Four,67,lowercase tag,“Naika?” She whispered.,“Naika?” she whispered.
Chapter Twenty-Four,74,period->comma,"“It’s interesting.” The voice said, and the fingers traced the edge o","“It’s interesting,” the voice said, and the fingers traced the edge o"
Chapter Twenty-Four,84,period->comma,"“I want to be useful.” She said, “Everyone in this party has prote","“I want to be useful,” she said, “Everyone in this party has prote"
Chapter Twenty-Four,93,period->comma,"“Of course, my child.” The voice said, gentle, calm, untouched by the de","“Of course, my child,” the voice said, gentle, calm, untouched by the de"
Chapter Twenty-Four,99,period->comma,“Go.” He said. “Now. While they’re focused on th,"“Go,” he said. “Now. While they’re focused on th"
Chapter Twenty-Four,101,period->comma,"if nobody knows to send backup.” Uthesia said, taking her arm. “Let’s go.”","if nobody knows to send backup,” Uthesia said, taking her arm. “Let’s go.”"
Chapter Twenty-Four,105,period->comma,“The floating heads.” Cain said. “Shoot them down. Tell the garris,"“The floating heads,” Cain said. “Shoot them down. Tell the garris"
Chapter Twenty-Four,120,period->comma,“Of course.” He said.,"“Of course,” he said."
Chapter Twenty-Five,25,period->comma,"“We’re already going.” Uthesia said. “Runners, back to Solarspire. We’","“We’re already going,” Uthesia said. “Runners, back to Solarspire. We’"
Chapter Twenty-Five,43,lowercase tag,“How many breaches?” The Count called.,“How many breaches?” the Count called.
Chapter Twenty-Five,59,period->comma,You need to go to the breaches.” She said. “I can’t do what needs doing from,"You need to go to the breaches,” she said. “I can’t do what needs doing from"
Chapter Twenty-Five,65,period->comma,"“Put your shields around her.” He said. “Whatever happens at the walls, s","“Put your shields around her,” he said. “Whatever happens at the walls, s"
Chapter Twenty-Five,68,period->comma,“No casualties.” She said.,"“No casualties,” she said."
Chapter Twenty-Five,69,period->comma,"“No casualties.” He confirmed, and ran for the east wall.","“No casualties,” he confirmed, and ran for the east wall."
Chapter Twenty-Five,77,lowercase tag,“Xeroc?” She said to the air. “I don’t actually know,“Xeroc?” she said to the air. “I don’t actually know
Chapter Twenty-Five,84,period->comma,“Please.” She said. “Let no one in this city die toda,"“Please,” she said. “Let no one in this city die toda"
Chapter Twenty-Five,99,lowercase tag,“It’s in the shadows!” She called to Uthesia. “Watch your feet!”,“It’s in the shadows!” she called to Uthesia. “Watch your feet!”
Chapter Twenty-Five,111,period->comma,“It’ll come for me.” Uthesia said. “I’m the one it was assigned to. ,"“It’ll come for me,” Uthesia said. “I’m the one it was assigned to. "
Chapter Twenty-Five,120,period->comma,trolling the eastern perimeter.” She said. “That’s what killed the runners. ,"trolling the eastern perimeter,” she said. “That’s what killed the runners. "
Chapter Twenty-Five,123,period->comma,“You’re right.” She said. “If I can turn even a few of thos,"“You’re right,” she said. “If I can turn even a few of thos"
Chapter Twenty-Six,6,lowercase tag,“Hold on!” He shouted at them as he passed. “Stay awake!,“Hold on!” he shouted at them as he passed. “Stay awake!
Chapter Twenty-Six,21,period->comma,"‘Four.’ He thought. ‘Naika, I’d appreciate any of the","‘Four,’ he thought. ‘Naika, I’d appreciate any of the"
Chapter Twenty-Six,81,period->comma, could use some reinforcements.” Uthesia said.," could use some reinforcements,” Uthesia said."
Chapter Twenty-Six,85,period->comma,“Much more.” He said.,"“Much more,” he said."
Chapter Twenty-Seven,5,period->comma,"“Well, look at that.” He said. “A Divine caster. That’s rather u","“Well, look at that,” he said. “A Divine caster. That’s rather u"
Chapter Twenty-Seven,8,lowercase tag,"“Adamantite?” He managed between breaths. “Oh, sweetheart. ","“Adamantite?” he managed between breaths. “Oh, sweetheart. "
Chapter Twenty-Seven,10,period->comma,"“My darling child.” He said, still laughing. “I must, with gre","“My darling child,” he said, still laughing. “I must, with gre"
Chapter Twenty-Seven,10,hoard->horde,leaned back. “If every undead hoard required an Adamantite party to re,leaned back. “If every undead horde required an Adamantite party to re
Chapter Twenty-Seven,12,period->comma,“I see.” She said. “Then I have overestimated the ca,"“I see,” she said. “Then I have overestimated the ca"
Chapter Twenty-Seven,16,period->comma,“Absolutely not.” She said. “While you were delivering your i,"“Absolutely not,” she said. “While you were delivering your i"
Chapter Twenty-Seven,18,period->comma,‘A hard lesson.’ He thought. ‘But a required one. If the world,"‘A hard lesson,’ he thought. ‘But a required one. If the world"
Chapter Twenty-Seven,28,period->comma,"‘Please be careful.’ She thought, and the thought was aimed downwar","‘Please be careful,’ she thought, and the thought was aimed downwar"
Chapter Twenty-Seven,32,period->comma,"“Seventeen.” He muttered, holstering the cannon and shiftin","“Seventeen,” he muttered, holstering the cannon and shiftin"
Chapter Twenty-Seven,38,period->comma,“Alright.” He said. “Fine. Let’s do this the old-fash,"“Alright,” he said. “Fine. Let’s do this the old-fash"
Chapter Twenty-Seven,47,lowercase tag,"“Thanks, Muse!” He shouted toward the castle. She couldn’t he","“Thanks, Muse!” he shouted toward the castle. She couldn’t he"
Chapter Twenty-Seven,52,period->comma,"“Ten.” Gormund said, holstering the cannon. Ten rounds","“Ten,” Gormund said, holstering the cannon. Ten rounds"
Chapter Twenty-Seven,69,period->comma,“I’d keep going if I were you.” Xeroc said.,"“I’d keep going if I were you,” Xeroc said."
Chapter Twenty-Seven,79,period->comma,“We still have the Nightmares.” She said.,"“We still have the Nightmares,” she said."
Chapter Twenty-Eight,80,period->comma,“They’re through.” She said to the guards beside her. “The und,"“They’re through,” she said to the guards beside her. “The und"
Chapter Twenty-Eight,84,period->comma," from the evil that hunts them.” She said, and her voice carried the weight "," from the evil that hunts them,” she said, and her voice carried the weight "
Chapter Twenty-Eight,95,period->comma,“There.” She said. “Trapped again. The fog fills the,"“There,” she said. “Trapped again. The fog fills the"
Chapter Twenty-Eight,97,period->comma,“A new siege.” He said. “Effective. The barrier can’t las,"“A new siege,” he said. “Effective. The barrier can’t las"
Chapter Twenty-Eight,99,period->comma,“It is what I wanted.” Dantalion agreed.,"“It is what I wanted,” Dantalion agreed."
Chapter Twenty-Nine,5,period->comma,“Ostervik.” She managed. “It’s not a dungeon break. The ho,"“Ostervik,” she managed. “It’s not a dungeon break. The ho"
Chapter Twenty-Nine,5,hoard->horde,"It’s not a dungeon break. The hoard is organized. Formations, command ","It’s not a dungeon break. The horde is organized. Formations, command "
Chapter Twenty-Nine,17,period->comma,"‘Options.’ He thought. ‘Ghislaine is at the ship, hours ","‘Options,’ he thought. ‘Ghislaine is at the ship, hours "
Chapter Twenty-Nine,19,period->comma,“I have one option.” He said. “She can get there fast enough an,"“I have one option,” he said. “She can get there fast enough an"
Chapter Twenty-Nine,30,period->comma,"“The miasma is the priority.” Fafnir said, shifting to briefing mode. “It fi","“The miasma is the priority,” Fafnir said, shifting to briefing mode. “It fi"
Chapter Twenty-Nine,32,period->comma,stuck outside the miasma cloud.” Carina said. “Just get us the Nightmares.”,"stuck outside the miasma cloud,” Carina said. “Just get us the Nightmares.”"
Chapter Twenty-Nine,35,period->comma,"“Sure.” She said, and followed her mother out.","“Sure,” she said, and followed her mother out."
Chapter Twenty-Nine,42,period->comma,"“So.” Yoo said, her voice carrying easily despite","“So,” Yoo said, her voice carrying easily despite"
Chapter Twenty-Nine,56,period->comma,“Your party.” Yoo said eventually. “Tell me about them. A,"“Your party,” Yoo said eventually. “Tell me about them. A"
Chapter Twenty-Nine,57,period->comma,"“They’re friends.” Carina said, and the word came out easier than","“They’re friends,” Carina said, and the word came out easier than"
Chapter Twenty-Nine,58,period->comma,"“Sounds like more than friends.” Yoo said, and there was a smile in her voic","“Sounds like more than friends,” Yoo said, and there was a smile in her voic"
Chapter Twenty-Nine,60,period->comma,“Yeah.” She said. “I guess it is.”,"“Yeah,” she said. “I guess it is.”"
Chapter Twenty-Nine,64,period->comma,“Were.” Carina said. The word came out sharper than sh,"“Were,” Carina said. The word came out sharper than sh"
Chapter Twenty-Nine,66,period->comma,“That’s not what I meant.” Yoo said quietly.,"“That’s not what I meant,” Yoo said quietly."
Chapter Twenty-Nine,86,lowercase tag,“Hey!” He called to the empty air. “Merchant! Get i,“Hey!” he called to the empty air. “Merchant! Get i
Chapter Twenty-Nine,95,period->comma,“A Full Moon Soul Gem.” The Merchant said. “As requested. The last one in Ko,"“A Full Moon Soul Gem,” the Merchant said. “As requested. The last one in Ko"
Chapter Twenty-Nine,105,period->comma,"“Fine.” He said. “I invoke the ancient pact, to co","“Fine,” he said. “I invoke the ancient pact, to co"
Chapter Twenty-Nine,107,period->comma,"“There.” Dantalion said. “Whoever your client is, I wish t","“There,” Dantalion said. “Whoever your client is, I wish t"
Chapter Twenty-Nine,109,period->comma,"l indulge a personal curiosity.” The Merchant said, repacking his bag with the same t","l indulge a personal curiosity,” the Merchant said, repacking his bag with the same t"
Chapter Twenty-Nine,111,period->comma,"“A Wiseman.” The Merchant repeated, impressed. “Those haven’t walked ","“A Wiseman,” the Merchant repeated, impressed. “Those haven’t walked "
Chapter Twenty-Nine,123,period->comma,"t an unbelievably idiotic plan.” She said. Her voice was steady, clinical, t","t an unbelievably idiotic plan,” she said. Her voice was steady, clinical, t"
Chapter Twenty-Nine,125,period->comma,“So...” He managed. “You had... the gem?”,"“So..,” he managed. “You had... the gem?”"
Chapter Twenty-Nine,129,period->comma,“I might not have.” She said.,"“I might not have,” she said."
Chapter Twenty-Nine,131,period->comma,“I love you.” He said.,"“I love you,” he said."
Chapter Twenty-Nine,135,period->comma,"“Well.” He said pleasantly. “Congratulations, Lord","“Well,” he said pleasantly. “Congratulations, Lord"
Chapter Twenty-Nine,137,lowercase tag,"xtra for body disposal of VIPs?” She asked, without turning around.","xtra for body disposal of VIPs?” she asked, without turning around."
Chapter Twenty-Nine,138,period->comma,“On the house.” The Merchant replied. “For my new favorite customer.”,"“On the house,” the Merchant replied. “For my new favorite customer.”"
Chapter Thirty,10,period->comma,"ent phase in my early twenties.” Yoo said, with the easy delivery of a woman","ent phase in my early twenties,” Yoo said, with the easy delivery of a woman"
Chapter Thirty,13,period->comma,"“We can discuss that later.” Uthesia said smoothly, and Yoo accepted the def","“We can discuss that later,” Uthesia said smoothly, and Yoo accepted the def"
Chapter Thirty,41,period->comma,"“Fine.” She said. “Yeah, you’re right.”","“Fine,” she said. “Yeah, you’re right.”"
Chapter Thirty,63,period->comma,"“Hey.” She said to the dissipating miasma, to what","“Hey,” she said to the dissipating miasma, to what"
Chapter Thirty,80,period->comma,“Ok.” She said. “Ask.”,"“Ok,” she said. “Ask.”"
Chapter Thirty-One,3,period->comma,"“People died.” She said, quiet. “The Nightmares came throu","“People died,” she said, quiet. “The Nightmares came throu"
Chapter Thirty-One,19,period->comma,nd you took them at their word.” Cain said. Not a question.,"nd you took them at their word,” Cain said. Not a question."
Chapter Thirty-One,31,period->comma,st sacred oath a paladin takes.” She said. “The words you spoke the day you ,"st sacred oath a paladin takes,” she said. “The words you spoke the day you "
Chapter Thirty-One,39,period->comma,“I am a prophet.” Muse said. “That hasn’t changed. Naika burne,"“I am a prophet,” Muse said. “That hasn’t changed. Naika burne"
Chapter Thirty-One,45,period->comma,"k our part in this is finished.” He said, and the wall was back, rebuilt, t","k our part in this is finished,” he said, and the wall was back, rebuilt, t"
Chapter Thirty-One,58,period->comma,"“Overwhelmed.” Muse said. “Also, who just picked me up?”","“Overwhelmed,” Muse said. “Also, who just picked me up?”"
Chapter Thirty-One,61,period->comma,“You’re Carina’s mother.” She said.,"“You’re Carina’s mother,” she said."
Chapter Thirty-One,64,period->comma,"ioned the same thing, actually.” Yoo said, amused. “Must be a Mount Hua trai","ioned the same thing, actually,” Yoo said, amused. “Must be a Mount Hua trai"
Chapter Thirty-One,70,period->comma,"“He decided to stay.” She said, choosing the words. “He wants us ","“He decided to stay,” she said, choosing the words. “He wants us "
Chapter Thirty-One,75,period->comma,“Alright.” Gormund said. “He knows where to find us.”,"“Alright,” Gormund said. “He knows where to find us.”"
Chapter Thirty-One,93,period->comma,h search teams along the river.” He said. “He’s looking for a Gragorgan car,"h search teams along the river,” he said. “He’s looking for a Gragorgan car"
Chapter Thirty-One,95,period->comma,“The green alkanet shipment.” She said. “Of course. That’s what he’s afte,"“The green alkanet shipment,” she said. “Of course. That’s what he’s afte"
Chapter Thirty-One,99,period->comma,s a weed that grows in gardens.” Fafnir said flatly.,"s a weed that grows in gardens,” Fafnir said flatly."
Chapter Thirty-One,104,period->comma, castle as your personal guard.” He said. “And I appreciate you sharing thi," castle as your personal guard,” he said. “And I appreciate you sharing thi"
Chapter Thirty-One,114,period->comma,"“The samples.” She said, without breaking stride. “They’re","“The samples,” she said, without breaking stride. “They’re"
Chapter Thirty-One,124,period->comma,"“I hope they use it wisely.” She said to the empty air, and continued to","“I hope they use it wisely,” she said to the empty air, and continued to"
Chapter Thirty-Two,4,period->comma,"“So.” Gormund said, adjusting the hammer on his shoul","“So,” Gormund said, adjusting the hammer on his shoul"
Chapter Thirty-Two,12,period->comma,"“Alright, I’m interested.” Gormund said. “What about the rest of Murim? Ou","“Alright, I’m interested,” Gormund said. “What about the rest of Murim? Ou"
Chapter Thirty-Two,24,period->comma," to bypass the border entirely.” She sighed. “We’re welcoming, but new residen"," to bypass the border entirely,” she sighed. “We’re welcoming, but new residen"
Chapter Thirty-Two,25,period->comma,"“Yeah.” Gormund said, quieter. “Sounds familiar. Everyo","“Yeah,” Gormund said, quieter. “Sounds familiar. Everyo"
Chapter Thirty-Two,27,period->comma,“Yeah.” Carina said. “I heard.”,"“Yeah,” Carina said. “I heard.”"
Chapter Thirty-Two,30,period->comma,o go back if you don’t want to.” Muse said gently.,"o go back if you don’t want to,” Muse said gently."
Chapter Thirty-Two,38,period->comma,“We took a ship.” Uthesia said. “Sailed the river from the easter,"“We took a ship,” Uthesia said. “Sailed the river from the easter"
Chapter Thirty-Two,40,period->comma,"Gragorgan warship, technically.” Gormund offered.","Gragorgan warship, technically,” Gormund offered."
Chapter Thirty-Two,42,period->comma,“I’m sorry.” Muse said.,"“I’m sorry,” Muse said."
Chapter Thirty-Two,46,period->comma,"“So.” Gormund said, breaking the silence as they clim","“So,” Gormund said, breaking the silence as they clim"
Chapter Thirty-Two,47,period->comma, a group heading to Solarspire.” Carina said. “Tagged along. Got to ride in a w," a group heading to Solarspire,” Carina said. “Tagged along. Got to ride in a w"
Chapter Thirty-Two,56,period->comma,"here before, I couldn't get in.” Carina said. “The barrier absorbs ki. I hit it","here before, I couldn't get in,” Carina said. “The barrier absorbs ki. I hit it"
Chapter Thirty-Two,58,period->comma,"“Together, then.” Yoo said.","“Together, then,” Yoo said."
Chapter Thirty-Two,66,period->comma,“Damn mages.” She said.,"“Damn mages,” she said."
Chapter Thirty-Three,8,period->comma,"ing to try something different.” She said, closing her eyes. “The spell has ","ing to try something different,” she said, closing her eyes. “The spell has "
Chapter Thirty-Three,14,period->comma,"“Well.” Muse said, settling into a chair. “If this i","“Well,” Muse said, settling into a chair. “If this i"
Chapter Thirty-Three,15,period->comma,"“We hadn’t forgotten.” Uthesia said, already pulling books from the ne","“We hadn’t forgotten,” Uthesia said, already pulling books from the ne"
Chapter Thirty-Three,25,period->comma,“The books are enchanted.” Muse said. “They present themselves differen,"“The books are enchanted,” Muse said. “They present themselves differen"
Chapter Thirty-Three,26,period->comma,"“Huh, pretty impressive.” Gormund admitted.","“Huh, pretty impressive,” Gormund admitted."
Chapter Thirty-Three,28,period->comma,“I was hoping you’d know.” Gormund said. “You know more about magic than m,"“I was hoping you’d know,” Gormund said. “You know more about magic than m"
Chapter Thirty-Three,31,period->comma,"“I’m a divine caster.” She said. “I know some basic arcane theory,","“I’m a divine caster,” she said. “I know some basic arcane theory,"
Chapter Thirty-Three,33,period->comma,“Xeroc.” She said to the air. “I know you just helpe,"“Xeroc,” she said to the air. “I know you just helpe"
Chapter Thirty-Three,45,period->comma,hat looks like a key or a hint.” Uthesia said from behind a pile of discarded vo,"hat looks like a key or a hint,” Uthesia said from behind a pile of discarded vo"
Chapter Thirty-Three,46,period->comma,"“I fell asleep for a bit.” Gormund said, lifting his head from a book he’d","“I fell asleep for a bit,” Gormund said, lifting his head from a book he’d"
Chapter Thirty-Three,74,lowercase tag,“What’s your name?” She asked.,“What’s your name?” she asked.
Chapter Thirty-Three,76,period->comma,“Remember it well.” He said. “Because it is the name of this c,"“Remember it well,” he said. “Because it is the name of this c"
Chapter Thirty-Three,86,period->comma,“That would have been helpful.” Uthesia said.,"“That would have been helpful,” Uthesia said."
Chapter Thirty-Three,92,period->comma, actually here for the faculty.” Muse said. “The Adventurers Guild sent us. T," actually here for the faculty,” Muse said. “The Adventurers Guild sent us. T"
Chapter Thirty-Three,96,period->comma,"“Nobody’s looting anything.” She said, her voice warm, kind, the voice s","“Nobody’s looting anything,” she said, her voice warm, kind, the voice s"
Chapter Thirty-Three,98,period->comma," authorize something like that.” He said, quieter. “The headmaster left me "," authorize something like that,” he said, quieter. “The headmaster left me "
Chapter Thirty-Three,101,period->comma,"on, I won’t block the transfer.” He said. “But I want it documented. Every ","on, I won’t block the transfer,” he said. “But I want it documented. Every "
Chapter Thirty-Three,102,period->comma,“Absolutely.” Muse said. “Thank you. That’s all we need.”,"“Absolutely,” Muse said. “Thank you. That’s all we need.”"
Chapter Thirty-Three,105,period->comma,"transport for the students too.” Gormund said. “People first, supplies second.”","transport for the students too,” Gormund said. “People first, supplies second.”"
Chapter Thirty-Three,108,period->comma,w what your teachers look like.” Gormund said. “So we wouldn’t have recognized t,"w what your teachers look like,” Gormund said. “So we wouldn’t have recognized t"
Chapter Thirty-Three,112,period->comma,“Absolutely not.” Carina said from the doorway.,"“Absolutely not,” Carina said from the doorway."
Chapter Thirty-Three,113,period->comma, an arcane caster in the party.” Muse said thoughtfully.," an arcane caster in the party,” Muse said thoughtfully."
Chapter Thirty-Three,115,period->comma,“Magic is rather convenient.” Uthesia said. “Especially against enchantments ,"“Magic is rather convenient,” Uthesia said. “Especially against enchantments "
Chapter Thirty-Three,119,period->comma,“Why.” She said to nobody. “Why does the universe ,"“Why,” she said to nobody. “Why does the universe "
Chapter Thirty-Four,6,period->comma,"‘He bluffed me.’ Barbatos thought, and the thought carried a flavor ","‘He bluffed me,’ Barbatos thought, and the thought carried a flavor "
Chapter Thirty-Four,10,period->comma,"ot a remarkable operation here.” He said to the vendor, gesturing at the st","ot a remarkable operation here,” he said to the vendor, gesturing at the st"
Chapter Thirty-Four,12,period->comma,"“Oh, well, you know how it is.” The man said, his voice a shade too bright. “We","“Oh, well, you know how it is,” the man said, his voice a shade too bright. “We"
Chapter Thirty-Four,13,period->comma,“Of course.” Barbatos said pleasantly. “Good timing.” He fini,"“Of course,” Barbatos said pleasantly. “Good timing.” He fini"
Chapter Thirty-Four,16,period->comma,"‘What to do next.’ He thought, letting the options arrange thems","‘What to do next,’ he thought, letting the options arrange thems"
Chapter Thirty-Four,29,period->comma," immediate threats are reduced.” She said aloud, the habit of processing by "," immediate threats are reduced,” she said aloud, the habit of processing by "
Chapter Thirty-Four,39,period->comma,"“Watch me, Father.” She said to the empty room. “Wherever in he","“Watch me, Father,” she said to the empty room. “Wherever in he"
Chapter Thirty-Four,48,lowercase tag,“Dantalion!” He said brightly. “You’ll never believe wh,“Dantalion!” he said brightly. “You’ll never believe wh
Chapter Thirty-Four,60,lowercase tag,"“Did it work?” He asked, and his voice was the same. The s","“Did it work?” he asked, and his voice was the same. The s"
Chapter Thirty-Four,61,lowercase tag,ds on what you were hoping for!” The Merchant said cheerfully. “I charged the gem as ,ds on what you were hoping for!” the Merchant said cheerfully. “I charged the gem as 
Chapter Thirty-Four,62,period->comma,"“My intelligence is intact.” Dantalion said, flexing his hands, testing the mo","“My intelligence is intact,” Dantalion said, flexing his hands, testing the mo"
Chapter Thirty-Four,68,period->comma,th was always going to kill me.” He said. “She’s been planning it since she,"th was always going to kill me,” he said. “She’s been planning it since she"
Chapter Thirty-Four,80,period->comma,"“I’m glad you approve.” Everos said. “Now, shall we discuss next steps","“I’m glad you approve,” Everos said. “Now, shall we discuss next steps"
Chapter Thirty-Five,18,period->comma,etter not keep us waiting long.” Carina said as they approached the walls. “The,"etter not keep us waiting long,” Carina said as they approached the walls. “The"
Chapter Thirty-Five,19,period->comma,ng back here after Glimmerhold.” Muse said. “He’ll be here.”,"ng back here after Glimmerhold,” Muse said. “He’ll be here.”"
Chapter Thirty-Five,22,period->comma,“There’s Cain.” Gormund said. “Cain! Over here!”,"“There’s Cain,” Gormund said. “Cain! Over here!”"
Chapter Thirty-Five,24,period->comma,"“Good, he’s already back.” She said.","“Good, he’s already back,” she said."
Chapter Thirty-Five,27,period->comma,"“Wait.” She said. “Guys, hold on—”","“Wait,” she said. “Guys, hold on—”"
Chapter Thirty-Five,29,period->comma,"“Of course.” Yoo said, reading the tension without needi","“Of course,” Yoo said, reading the tension without needi"
Chapter Thirty-Five,32,period->comma,“That’s not what Muse told us.” Uthesia said. “She said you were staying behind,"“That’s not what Muse told us,” Uthesia said. “She said you were staying behind"
Chapter Thirty-Five,35,period->comma,"“But Muse is right here.” Carina said. “She’s your prophet or whatever, ","“But Muse is right here,” Carina said. “She’s your prophet or whatever, "
Chapter Thirty-Five,41,period->comma,"to continue as Naika’s prophet.” She said, and the words came out smaller th","to continue as Naika’s prophet,” she said, and the words came out smaller th"
Chapter Thirty-Five,42,period->comma,"g the lying aside for a second.” Gormund said, his voice harder than usual. “Cai","g the lying aside for a second,” Gormund said, his voice harder than usual. “Cai"
Chapter Thirty-Five,43,period->comma,“It’s not about control.” Cain said. “Muse chooses her own path. I’ve ,"“It’s not about control,” Cain said. “Muse chooses her own path. I’ve "
Chapter Thirty-Five,47,period->comma,“Muse.” He called over his shoulder. “If you could s,"“Muse,” he called over his shoulder. “If you could s"
Chapter Thirty-Five,49,period->comma,"“And Carina.” He said, without turning around. “I always","“And Carina,” he said, without turning around. “I always"
Chapter Thirty-Five,54,period->comma,“I know.” Muse said. “I didn’t know how to explain it.,"“I know,” Muse said. “I didn’t know how to explain it."
Chapter Thirty-Five,55,period->comma,t expect him to actually leave.” Uthesia said flatly.,"t expect him to actually leave,” Uthesia said flatly."
Chapter Thirty-Five,61,period->comma,"“Let’s go talk to Fafnir.” Uthesia said. The bluntness was a mercy, cuttin","“Let’s go talk to Fafnir,” Uthesia said. The bluntness was a mercy, cuttin"
Chapter Thirty-Five,64,period->comma,"“Well done.” He said. “Ostervik held, the Mage College ","“Well done,” he said. “Ostervik held, the Mage College "
Chapter Thirty-Five,67,period->comma,t the circumstances warrant it.” Fafnir said. “I don’t have immediate work for ,"t the circumstances warrant it,” Fafnir said. “I don’t have immediate work for "
Chapter Thirty-Five,70,period->comma,fing. Things have been chaotic.” Fafnir said. “The King and his son both suffer,"fing. Things have been chaotic,” Fafnir said. “The King and his son both suffer"
Chapter Thirty-Five,71,period->comma,stay in Solarspire for a while.” Uthesia said. The words came out with someone e,"stay in Solarspire for a while,” Uthesia said. The words came out with someone e"
Chapter Thirty-Five,78,period->comma,“He’s not dead.” Uthesia said. She stopped walking but didn’t tu,"“He’s not dead,” Uthesia said. She stopped walking but didn’t tu"
Chapter Thirty-Five,79,period->comma,"“The castle is guarded.” Gormund said, catching up. “Ghislaine, the Roya","“The castle is guarded,” Gormund said, catching up. “Ghislaine, the Roya"
Chapter Thirty-Five,83,period->comma,slaine patrols the entire city.” Carina said quietly. “She’d find you before yo,"slaine patrols the entire city,” Carina said quietly. “She’d find you before yo"
Chapter Thirty-Five,85,period->comma,"“We can’t.” Muse said, and her voice was gentle in the w","“We can’t,” Muse said, and her voice was gentle in the w"
Chapter Thirty-Five,87,period->comma,“Fine.” She said. The word was ice. “I wasn’t askin,"“Fine,” she said. The word was ice. “I wasn’t askin"
Chapter Thirty-Five,92,period->comma,"“Just stay out of my way.” She said, quieter now, the volume spent. Th","“Just stay out of my way,” she said, quieter now, the volume spent. Th"
Chapter Thirty-Five,96,period->comma,“Well.” He sighed. “I guess the adventure’s over.” H,"“Well,” he sighed. “I guess the adventure’s over.” H"
Chapter Thirty-Five,100,period->comma,"“Yeah.” She said. “Come on, Inarus. You said you’re","“Yeah,” she said. “Come on, Inarus. You said you’re"
Chapter Thirty-Five,104,period->comma,“Wait.” She said. Her voice was small. “Guys? What ,"“Wait,” she said. Her voice was small. “Guys? What "
Chapter Thirty-Five,106,period->comma,"“But the promises.” She called after them. “Gormund, we were goin","“But the promises,” she called after them. “Gormund, we were goin"
Chapter Thirty-Five,113,period->comma,"“Come on, sweetheart.” Yoo said softly. “Let’s go—”","“Come on, sweetheart,” Yoo said softly. “Let’s go—”"
Chapter Thirty-Six,48,period->comma,“I need to see someone.” He said. “A healer named Muse. She’s with ,"“I need to see someone,” he said. “A healer named Muse. She’s with "
Chapter Thirty-Six,49,period->comma,Don’t know anyone by that name.” The nurse said. “But I’ve only been assigned to t,"Don’t know anyone by that name,” the nurse said. “But I’ve only been assigned to t"
Chapter Thirty-Six,54,period->comma,“North.” Gormund repeated. “On foot.”,"“North,” Gormund repeated. “On foot.”"
Chapter Thirty-Seven,7,period->comma,“You know what? You’re right.” She said. “Sitting in this city feeling sor,"“You know what? You’re right,” she said. “Sitting in this city feeling sor"
Chapter Thirty-Seven,14,period->comma,"“Ok.” Inarus said. He’d stopped at the midpoint, his","“Ok,” Inarus said. He’d stopped at the midpoint, his"
Chapter Thirty-Seven,17,period->comma, pulp before it hit the ground.” Inarus said. “And the cold itself is like stan," pulp before it hit the ground,” Inarus said. “And the cold itself is like stan"
Chapter Thirty-Seven,25,period->comma,“A feeling.” Inarus repeated flatly. “We’re about to walk into ,"“A feeling,” Inarus repeated flatly. “We’re about to walk into "
Chapter Thirty-Seven,35,period->comma,"“So.” She said, walking beside him, her tremor se","“So,” she said, walking beside him, her tremor se"
Chapter Thirty-Seven,39,period->comma,something of a good luck charm.” Muse said. “My connection to the Divine prod,"something of a good luck charm,” Muse said. “My connection to the Divine prod"
Chapter Thirty-Seven,52,lowercase tag,not believe in the Gods at all?” She asked.,not believe in the Gods at all?” she asked.
Chapter Thirty-Seven,60,period->comma,“Whoa.” He said. “You were right. That’s a cathedr,"“Whoa,” he said. “You were right. That’s a cathedr"
Chapter Thirty-Seven,76,lowercase tag,narus. “What does he look like?” She whispered.,narus. “What does he look like?” she whispered.
Chapter Thirty-Seven,77,period->comma,"“Short gray hair.” Inarus whispered back, the wand still raised. “Elve","“Short gray hair,” Inarus whispered back, the wand still raised. “Elve"
Chapter Thirty-Seven,78,period->comma,"“Names.” The man said. He’d heard them, the cathedral ca","“Names,” the man said. He’d heard them, the cathedral ca"
Chapter Thirty-Seven,81,period->comma,“He’s looking for his teachers.” Muse said. “Professors from the Glimmerhold ,"“He’s looking for his teachers,” Muse said. “Professors from the Glimmerhold "
Chapter Thirty-Seven,82,period->comma,“I’m sorry.” Lucas said. “You’re the first visitors I’ve h,"“I’m sorry,” Lucas said. “You’re the first visitors I’ve h"
Chapter Thirty-Seven,85,period->comma,“I’m a Prophet.” She said. “Or I was. I’ve lost my place. Th,"“I’m a Prophet,” she said. “Or I was. I’ve lost my place. Th"
Chapter Thirty-Seven,86,period->comma,ome to exactly the right place.” Lucas said. “Come. Sit with me. Tell me your ,"ome to exactly the right place,” Lucas said. “Come. Sit with me. Tell me your "
Chapter Thirty-Seven,88,period->comma,You say you’ve lost your place.” He said. “Tell me more.”,"You say you’ve lost your place,” he said. “Tell me more.”"
Chapter Thirty-Seven,89,period->comma,“The Solar Covenant.” Muse said. “That was my faith. My goddess wa,"“The Solar Covenant,” Muse said. “That was my faith. My goddess wa"
Chapter Thirty-Seven,90,period->comma,"“I’m terribly sorry.” Lucas said, and the sympathy was genuine, the","“I’m terribly sorry,” Lucas said, and the sympathy was genuine, the"
Chapter Thirty-Seven,92,period->comma,"“Four houses.” He said. “The four children of Gaia, each ","“Four houses,” he said. “The four children of Gaia, each "
Chapter Thirty-Seven,93,period->comma,“Death and Chaos.” Muse said. “Those sound rather... dark. Some,"“Death and Chaos,” Muse said. “Those sound rather... dark. Some"
Chapter Thirty-Seven,98,period->comma,“Sil’Sot.” She said. “Dragon of Life. Child of Gaia. I,"“Sil’Sot,” she said. “Dragon of Life. Child of Gaia. I"
Chapter Thirty-Seven,105,period->comma,“She answered.” He said. “She actually answered you. A dir,"“She answered,” he said. “She actually answered you. A dir"
Chapter Thirty-Seven,108,period->comma,ll figuring out where I belong.” She said. “Sil’Sot isn’t the first deity to,"ll figuring out where I belong,” she said. “Sil’Sot isn’t the first deity to"
Chapter Thirty-Seven,109,period->comma,n let me at least make my case.” Lucas said. “Stay a while. Let me show you wh,"n let me at least make my case,” Lucas said. “Stay a while. Let me show you wh"
Chapter Thirty-Seven,111,period->comma,“Alright.” She said. “I’d be happy to get the tour.”,"“Alright,” she said. “I’d be happy to get the tour.”"
Chapter Thirty-Seven,112,period->comma,"“Wonderful.” Lucas said, and the joy in his voice was tota","“Wonderful,” Lucas said, and the joy in his voice was tota"
Chapter Thirty-Eight,19,lowercase tag,"uild is guarding Dantalion now?” She said, her voice thick through the blood","uild is guarding Dantalion now?” she said, her voice thick through the blood"
Chapter Thirty-Eight,20,period->comma,"om getting murdered in her bed.” Stonewalker said. He stood in the doorway, relaxed,","om getting murdered in her bed,” Stonewalker said. He stood in the doorway, relaxed,"
Chapter Thirty-Eight,28,period->comma,"“More than enough.” Uthesia said. “Besides, you don’t have your gol","“More than enough,” Uthesia said. “Besides, you don’t have your gol"
Chapter Thirty-Eight,32,period->comma,"ing real tired of hearing that.” He said, and his voice had lost its casual","ing real tired of hearing that,” he said, and his voice had lost its casual"
Chapter Thirty-Eight,71,period->comma,“Hah.” She breathed. Blood still on her upper lip from,"“Hah,” she breathed. Blood still on her upper lip from"
Chapter Thirty-Eight,83,period->comma,“Yeah.” Uthesia said. She was smiling. “You’re a smart ,"“Yeah,” Uthesia said. She was smiling. “You’re a smart "
Chapter Thirty-Eight,90,lowercase tag, how I knew you weren’t a mage?” He said. “The dome suppresses magic. All o, how I knew you weren’t a mage?” he said. “The dome suppresses magic. All o
Chapter Thirty-Eight,99,period->comma,"“My father knew her.” Elizabeth said. She crouched beside Uthesia, stud","“My father knew her,” Elizabeth said. She crouched beside Uthesia, stud"
Chapter Thirty-Nine,12,period->comma,“It bothered me.” Barbatos said. “More than it should have. I mean,"“It bothered me,” Barbatos said. “More than it should have. I mean"
Chapter Thirty-Nine,24,period->comma,“Fair question.” He said. “Honestly? It was a long time ago,"“Fair question,” he said. “Honestly? It was a long time ago"
Chapter Thirty-Nine,58,period->comma,"“No.” Cain said, looking down at him through the g","“No,” Cain said, looking down at him through the g"
Chapter Thirty-Nine,94,period->comma,"“I’ll never stop.” Barbatos said, and the words came out wrong beca","“I’ll never stop,” Barbatos said, and the words came out wrong beca"
Chapter Forty,5,period->comma,“It’s ready.” Carina said. “Right? You said it’d be done soo,"“It’s ready,” Carina said. “Right? You said it’d be done soo"
Chapter Forty,9,period->comma,“Hold out your arm.” Gudrun said.,"“Hold out your arm,” Gudrun said."
Chapter Forty,13,period->comma,"“Natural.” Carina said, and meant it. She’d expected the ","“Natural,” Carina said, and meant it. She’d expected the "
Chapter Forty,14,period->comma,h your body's natural strength.” Gudrun said. “It’ll hold a weapon without slip,"h your body's natural strength,” Gudrun said. “It’ll hold a weapon without slip"
Chapter Forty,15,period->comma,"“Thank you.” Carina said. She looked at the hand, silver an","“Thank you,” Carina said. She looked at the hand, silver an"
Chapter Forty,27,lowercase tag,“Why does this keep happening?” She said to the snow. To nobody. “What did ,“Why does this keep happening?” she said to the snow. To nobody. “What did 
Chapter Forty,37,lowercase tag," punching you not clear enough?” She said, and her voice came out raw. “Did "," punching you not clear enough?” she said, and her voice came out raw. “Did "
Chapter Forty,44,period->comma,“I’ll start.” Yoo said. She still hadn’t turned around. “,"“I’ll start,” Yoo said. She still hadn’t turned around. “"
Chapter Forty,51,period->comma,t should disqualify me forever.” Yoo said. “I know that. But the pain of bei,"t should disqualify me forever,” Yoo said. “I know that. But the pain of bei"
Chapter Forty,55,period->comma,"“We’re both Murimites, Mom.” She said. “You’re right. We’re bad at this.","“We’re both Murimites, Mom,” she said. “You’re right. We’re bad at this."
Chapter Forty,61,period->comma,"If you beat me, I’ll come home.” Carina said. “If I win, you never contact me a","If you beat me, I’ll come home,” Carina said. “If I win, you never contact me a"
Chapter Forty,113,period->comma,“You made good friends.” She said.,"“You made good friends,” she said."
Chapter Forty,130,period->comma,“I’m not stupid.” Carina said. “I know what you are. What you do,"“I’m not stupid,” Carina said. “I know what you are. What you do"
Chapter Forty,132,period->comma,"“I want to stop feeling.” She said. The words came out hollow, emptie","“I want to stop feeling,” she said. The words came out hollow, emptie"
